"From","To","ensembl_gene_id","external_gene_name","species"
"Acyl-DHAP","Alkyl-DHAP","ENSG00000018510","AGPS","human"
"Cer","CerP","ENSG00000262327","AGK","human"
"Cer","CerP","ENSG00000006530","AGK","human"
"Cer","CerP","ENSG00000100422","CERK","human"
"Cer","SM","ENSG00000198964","SGMS1","human"
"Cer","SM","ENSG00000164023","SGMS2","human"
"Cer","SPB","ENSG00000138744","NAAA","human"
"Cer","SPB","ENSG00000177076","ACER2","human"
"Cer","SPB","ENSG00000167769","ACER1","human"
"Cer","SPB","ENSG00000188611","ASAH2","human"
"Cer","SPB","ENSG00000078124","ACER3","human"
"Cer","SPB","ENSG00000104763","ASAH1","human"
"Cer","HexCer","ENSG00000148154","UGCG","human"
"Cer","HexCer","ENSG00000174607","UGT8","human"
"CerP","Cer","ENSG00000067113","PLPP1","human"
"CerP","Cer","ENSG00000162407","PLPP3","human"
"CerP","Cer","ENSG00000141934","PLPP2","human"
"CerP","Cer","ENSG00000285281","SGPP1","human"
"CerP","Cer","ENSG00000163082","SGPP2","human"
"CerP","Cer","ENSG00000126821","SGPP1","human"
"CerP","Cer","ENSG00000132793","LPIN3","human"
"CerP","Cer","ENSG00000203805","PLPP4","human"
"CerP","Cer","ENSG00000147535","PLPP5","human"
"CerP","Cer","ENSG00000101577","LPIN2","human"
"CerP","Cer","ENSG00000134324","LPIN1","human"
"DAG","PA","ENSG00000157680","DGKI","human"
"DAG","PA","ENSG00000065357","DGKA","human"
"DAG","PA","ENSG00000058866","DGKG","human"
"DAG","PA","ENSG00000153933","DGKE","human"
"DAG","PA","ENSG00000145214","DGKQ","human"
"DAG","PA","ENSG00000149091","DGKZ","human"
"DAG","PA","ENSG00000280873","DGKD","human"
"DAG","PA","ENSG00000077044","DGKD","human"
"DAG","PA","ENSG00000262327","AGK","human"
"DAG","PA","ENSG00000006530","AGK","human"
"DAG","PA","ENSG00000102780","DGKH","human"
"DAG","PA","ENSG00000136267","DGKB","human"
"DAG","PA","ENSG00000274588","DGKK","human"
"DAG","TAG","ENSG00000285482","DGAT1","human"
"DAG","TAG","ENSG00000185000","DGAT1","human"
"DAG","TAG","ENSG00000106384","MOGAT3","human"
"DAG","TAG","ENSG00000062282","DGAT2","human"
"DAG","PE","ENSG00000138018","SELENOI","human"
"DAG","PE","ENSG00000134255","CEPT1","human"
"DAG","MAG","ENSG00000100344","PNPLA3","human"
"DAG","MAG","ENSG00000101670","LIPG","human"
"DAG","MAG","ENSG00000203837","PNLIPRP3","human"
"DAG","MAG","ENSG00000166035","LIPC","human"
"DAG","MAG","ENSG00000114771","AADAC","human"
"DAG","MAG","ENSG00000182333","LIPF","human"
"DAG","MAG","ENSG00000170835","CEL","human"
"DAG","MAG","ENSG00000177666","PNPLA2","human"
"DAG","MAG","ENSG00000187021","PNLIPRP1","human"
"DAG","MAG","ENSG00000175535","PNLIP","human"
"DAG","MAG","ENSG00000266200","PNLIPRP2","human"
"DAG","PC","ENSG00000111666","CHPT1","human"
"DAG","PC","ENSG00000134255","CEPT1","human"
"DAG O-","PE O-","ENSG00000138018","SELENOI","human"
"DAG O-","PE O-","ENSG00000134255","CEPT1","human"
"DAG O-","PC O-","ENSG00000134255","CEPT1","human"
"DAG O-","PC O-","ENSG00000111666","CHPT1","human"
"DHAP","Acyl-DHAP","ENSG00000116906","GNPAT","human"
"DHAP","G3P","ENSG00000167588","GPD1","human"
"DHAP","G3P","ENSG00000152642","GPD1L","human"
"DHAP","G3P","ENSG00000115159","GPD2","human"
"dhCer","dhSPB","ENSG00000177076","ACER2","human"
"dhCer","dhSPB","ENSG00000167769","ACER1","human"
"dhCer","dhSPB","ENSG00000078124","ACER3","human"
"dhCer","dhSPB","ENSG00000104763","ASAH1","human"
"dhCer","dhSPB","ENSG00000188611","ASAH2","human"
"dhCer","Cer","ENSG00000143753","DEGS1","human"
"dhCer","Cer","ENSG00000168350","DEGS2","human"
"dhCer","phCer","ENSG00000168350","DEGS2","human"
"dhCer","phCer","ENSG00000143753","DEGS1","human"
"dhSPB","dhCer","ENSG00000139624","CERS5","human"
"dhSPB","dhCer","ENSG00000090661","CERS4","human"
"dhSPB","dhCer","ENSG00000154227","CERS3","human"
"dhSPB","dhCer","ENSG00000223802","CERS1","human"
"dhSPB","dhCer","ENSG00000172292","CERS6","human"
"dhSPB","dhCer","ENSG00000143418","CERS2","human"
"dhSPB","dhSPBP","ENSG00000176170","SPHK1","human"
"dhSPB","dhSPBP","ENSG00000063176","SPHK2","human"
"dhSPBP","dhSPB","ENSG00000285281","SGPP1","human"
"dhSPBP","dhSPB","ENSG00000163082","SGPP2","human"
"dhSPBP","dhSPB","ENSG00000126821","SGPP1","human"
"dhSPBP","dhSPB","ENSG00000141934","PLPP2","human"
"dhSPBP","dhSPB","ENSG00000132793","LPIN3","human"
"dhSPBP","dhSPB","ENSG00000067113","PLPP1","human"
"dhSPBP","dhSPB","ENSG00000203805","PLPP4","human"
"dhSPBP","dhSPB","ENSG00000147535","PLPP5","human"
"dhSPBP","dhSPB","ENSG00000101577","LPIN2","human"
"dhSPBP","dhSPB","ENSG00000162407","PLPP3","human"
"dhSPBP","dhSPB","ENSG00000134324","LPIN1","human"
"dhSPB","phSPB","ENSG00000168350","DEGS2","human"
"dhSPB","phSPB","ENSG00000143753","DEGS1","human"
"G3P","LPA","ENSG00000138678","GPAT3","human"
"G3P","LPA","ENSG00000186281","GPAT2","human"
"G3P","LPA","ENSG00000158669","GPAT4","human"
"G3P","LPA","ENSG00000119927","GPAM","human"
"G3P","DHAP","ENSG00000167588","GPD1","human"
"G3P","DHAP","ENSG00000152642","GPD1L","human"
"G3P","DHAP","ENSG00000115159","GPD2","human"
"GalCer","HexCer","ENSG00000054983","GALC","human"
"GalCer","Sulfatide","ENSG00000128242","GAL3ST1","human"
"GlcCer","HexCer","ENSG00000177628","GBA","human"
"GlcCer","HexCer","ENSG00000070610","GBA2","human"
"GlcCer","HexCer","ENSG00000262446","GBA","human"
"GlcCer","LacCer","ENSG00000158470","B4GALT5","human"
"GlcCer","LacCer","ENSG00000118276","B4GALT6","human"
"HexCer","Cer","ENSG00000177628","GBA","human"
"HexCer","Cer","ENSG00000070610","GBA2","human"
"HexCer","Cer","ENSG00000262446","GBA","human"
"HexCer","GlcCer","ENSG00000148154","UGCG","human"
"HexCer","GalCer","ENSG00000174607","UGT8","human"
"HexCer","Cer","ENSG00000054983","GALC","human"
"ketodhSPB","dhSPB","ENSG00000119537","KDSR","human"
"LacCer","GlcCer","ENSG00000170266","GLB1","human"
"LPA","PA","ENSG00000169692","AGPAT2","human"
"LPA","PA","ENSG00000138678","GPAT3","human"
"LPA","PA","ENSG00000186281","GPAT2","human"
"LPA","PA","ENSG00000172954","LCLAT1","human"
"LPA","PA","ENSG00000143797","MBOAT2","human"
"LPA","PA","ENSG00000011198","ABHD5","human"
"LPA","PA","ENSG00000236873","AGPAT1","human"
"LPA","PA","ENSG00000226467","AGPAT1","human"
"LPA","PA","ENSG00000206324","AGPAT1","human"
"LPA","PA","ENSG00000227642","AGPAT1","human"
"LPA","PA","ENSG00000228892","AGPAT1","human"
"LPA","PA","ENSG00000235758","AGPAT1","human"
"LPA","PA","ENSG00000204310","AGPAT1","human"
"LPA","PA","ENSG00000026652","AGPAT4","human"
"LPA","PA","ENSG00000160216","AGPAT3","human"
"LPA","PA","ENSG00000284980","AGPAT5","human"
"LPA","PA","ENSG00000155189","AGPAT5","human"
"LPA","PA","ENSG00000172197","MBOAT1","human"
"LPC","PC","ENSG00000111684","LPCAT3","human"
"LPC","PC","ENSG00000172197","MBOAT1","human"
"LPC","PC","ENSG00000143797","MBOAT2","human"
"LPC","PC","ENSG00000275079","LPCAT1","human"
"LPC","PC","ENSG00000087253","LPCAT2","human"
"LPC","PC","ENSG00000176454","LPCAT4","human"
"LPC","PC","ENSG00000153395","LPCAT1","human"
"LPC","LPA","ENSG00000166428","PLD4","human"
"LPC","LPA","ENSG00000129219","PLD2","human"
"LPC","LPA","ENSG00000105223","PLD3","human"
"LPC","LPA","ENSG00000075651","PLD1","human"
"LPC O-","PC O-","ENSG00000275079","LPCAT1","human"
"LPC O-","PC O-","ENSG00000087253","LPCAT2","human"
"LPC O-","PC O-","ENSG00000153395","LPCAT1","human"
"LPE","PE","ENSG00000111684","LPCAT3","human"
"LPE","PE","ENSG00000172197","MBOAT1","human"
"LPE","PE","ENSG00000143797","MBOAT2","human"
"LPE","PE","ENSG00000176454","LPCAT4","human"
"LPE P-","PE P-","ENSG00000176454","LPCAT4","human"
"LPE P-","LPA P-","ENSG00000136960","ENPP2","human"
"LPE P-","LPA P-","ENSG00000102886","GDPD3","human"
"LPE P-","LPA P-","ENSG00000153982","GDPD1","human"
"LPE P-","MAG P-","ENSG00000136960","ENPP2","human"
"LPE P-","MAG P-","ENSG00000102886","GDPD3","human"
"LPE P-","MAG P-","ENSG00000153982","GDPD1","human"
"LPG","PG","ENSG00000172954","LCLAT1","human"
"LPG","PG","ENSG00000153395","LPCAT1","human"
"LPG","PG","ENSG00000119927","GPAM","human"
"LPG","PG","ENSG00000275079","LPCAT1","human"
"LPG","PG","ENSG00000087253","LPCAT2","human"
"LPG","PG","ENSG00000123684","LPGAT1","human"
"LPG","PG","ENSG00000176454","LPCAT4","human"
"LPI","PI","ENSG00000172954","LCLAT1","human"
"LPI","PI","ENSG00000277025","MBOAT7","human"
"LPI","PI","ENSG00000277923","MBOAT7","human"
"LPI","PI","ENSG00000278322","MBOAT7","human"
"LPI","PI","ENSG00000274194","MBOAT7","human"
"LPI","PI","ENSG00000275118","MBOAT7","human"
"LPI","PI","ENSG00000278519","MBOAT7","human"
"LPI","PI","ENSG00000277733","MBOAT7","human"
"LPI","PI","ENSG00000273592","MBOAT7","human"
"LPI","PI","ENSG00000276935","MBOAT7","human"
"LPI","PI","ENSG00000125505","MBOAT7","human"
"LPI","PI","ENSG00000160216","AGPAT3","human"
"LPI","PI","ENSG00000026652","AGPAT4","human"
"LPS","PS","ENSG00000111684","LPCAT3","human"
"LPS","PS","ENSG00000172197","MBOAT1","human"
"LPS","PS","ENSG00000176454","LPCAT4","human"
"LPS","PS","ENSG00000143797","MBOAT2","human"
"MAG","DAG","ENSG00000106384","MOGAT3","human"
"MAG","DAG","ENSG00000166391","MOGAT2","human"
"MAG","DAG","ENSG00000124003","MOGAT1","human"
"MLCL","CL","ENSG00000102125","TAFAZZIN","human"
"MLCL","CL","ENSG00000172954","LCLAT1","human"
"PA","PI","ENSG00000103502","CDIPT","human"
"PA","PG","ENSG00000087157","PGS1","human"
"PA","PI","ENSG00000101290","CDS2","human"
"PA","PI","ENSG00000163624","CDS1","human"
"PA","PI","ENSG00000144559","TAMM41","human"
"PA","PG","ENSG00000101290","CDS2","human"
"PA","PG","ENSG00000163624","CDS1","human"
"PA","PG","ENSG00000144559","TAMM41","human"
"PA","DAG","ENSG00000067113","PLPP1","human"
"PA","DAG","ENSG00000162407","PLPP3","human"
"PA","DAG","ENSG00000141934","PLPP2","human"
"PA","DAG","ENSG00000134324","LPIN1","human"
"PA","DAG","ENSG00000203805","PLPP4","human"
"PA","DAG","ENSG00000147535","PLPP5","human"
"PA","DAG","ENSG00000101577","LPIN2","human"
"PA","DAG","ENSG00000132793","LPIN3","human"
"PA","PG","ENSG00000285206","PTPMT1","human"
"PA","PG","ENSG00000110536","PTPMT1","human"
"PA","LPA","ENSG00000276870","PLA2G10","human"
"PA","LPA","ENSG00000100078","PLA2G3","human"
"PA","LPA","ENSG00000138308","PLA2G12B","human"
"PA","LPA","ENSG00000127472","PLA2G5","human"
"PA","LPA","ENSG00000117215","PLA2G2D","human"
"PA","LPA","ENSG00000184381","PLA2G6","human"
"PA","LPA","ENSG00000170890","PLA2G1B","human"
"PA","LPA","ENSG00000168970","JMJD7-PLA2G4B","human"
"PA","LPA","ENSG00000116711","PLA2G4A","human"
"PA","LPA","ENSG00000243708","PLA2G4B","human"
"PA","LPA","ENSG00000133328","PLAAT2","human"
"PA","LPA","ENSG00000123739","PLA2G12A","human"
"PA","LPA","ENSG00000159337","PLA2G4D","human"
"PA","LPA","ENSG00000188089","PLA2G4E","human"
"PA","LPA","ENSG00000158786","PLA2G2F","human"
"PA","LPA","ENSG00000176485","PLAAT3","human"
"PA","LPA","ENSG00000168907","PLA2G4F","human"
"PA","LPA","ENSG00000069764","PLA2G10","human"
"PA","LPA","ENSG00000188784","PLA2G2E","human"
"PA","LPA","ENSG00000105499","PLA2G4C","human"
"PA","LPA","ENSG00000187980","PLA2G2C","human"
"PA","LPA","ENSG00000163803","PLB1","human"
"PA","LPA","ENSG00000188257","PLA2G2A","human"
"PA O-","DAG O-","ENSG00000141934","PLPP2","human"
"PA O-","DAG O-","ENSG00000132793","LPIN3","human"
"PA O-","DAG O-","ENSG00000067113","PLPP1","human"
"PA O-","DAG O-","ENSG00000203805","PLPP4","human"
"PA O-","DAG O-","ENSG00000147535","PLPP5","human"
"PA O-","DAG O-","ENSG00000101577","LPIN2","human"
"PA O-","DAG O-","ENSG00000162407","PLPP3","human"
"PA O-","DAG O-","ENSG00000134324","LPIN1","human"
"PC","PA","ENSG00000129219","PLD2","human"
"PC","PA","ENSG00000075651","PLD1","human"
"PC","PA","ENSG00000166428","PLD4","human"
"PC","PA","ENSG00000105223","PLD3","human"
"PC","LPC","ENSG00000276870","PLA2G10","human"
"PC","LPC","ENSG00000069764","PLA2G10","human"
"PC","LPC","ENSG00000184381","PLA2G6","human"
"PC","LPC","ENSG00000243708","PLA2G4B","human"
"PC","LPC","ENSG00000188257","PLA2G2A","human"
"PC","LPC","ENSG00000127472","PLA2G5","human"
"PC","LPC","ENSG00000006757","PNPLA4","human"
"PC","LPC","ENSG00000116711","PLA2G4A","human"
"PC","LPC","ENSG00000176485","PLAAT3","human"
"PC","LPC","ENSG00000188089","PLA2G4E","human"
"PC","LPC","ENSG00000168907","PLA2G4F","human"
"PC","LPC","ENSG00000163803","PLB1","human"
"PC","LPC","ENSG00000159337","PLA2G4D","human"
"PC","LPC","ENSG00000103066","PLA2G15","human"
"PC","LPC","ENSG00000158201","ABHD3","human"
"PC","LPC","ENSG00000177666","PNPLA2","human"
"PC","LPC","ENSG00000158786","PLA2G2F","human"
"PC","LPC","ENSG00000127252","PLAAT1","human"
"PC","LPC","ENSG00000135241","PNPLA8","human"
"PC","LPC","ENSG00000100344","PNPLA3","human"
"PC","LPC","ENSG00000133328","PLAAT2","human"
"PC","LPC","ENSG00000100078","PLA2G3","human"
"PC","LPC","ENSG00000188784","PLA2G2E","human"
"PC","LPC","ENSG00000133321","PLAAT4","human"
"PC","LPC","ENSG00000117215","PLA2G2D","human"
"PC","LPC","ENSG00000105499","PLA2G4C","human"
"PC","LPC","ENSG00000138308","PLA2G12B","human"
"PC","LPC","ENSG00000170890","PLA2G1B","human"
"PC","LPC","ENSG00000168970","JMJD7-PLA2G4B","human"
"PC","LPC","ENSG00000123739","PLA2G12A","human"
"PC","LPC","ENSG00000187980","PLA2G2C","human"
"PC","PS","ENSG00000156471","PTDSS1","human"
"PC","PG","ENSG00000166428","PLD4","human"
"PC","PG","ENSG00000179598","PLD6","human"
"PC","PG","ENSG00000129219","PLD2","human"
"PC","PG","ENSG00000105223","PLD3","human"
"PC","PG","ENSG00000075651","PLD1","human"
"PC O-","LPC O-","ENSG00000276870","PLA2G10","human"
"PC O-","LPC O-","ENSG00000100078","PLA2G3","human"
"PC O-","LPC O-","ENSG00000138308","PLA2G12B","human"
"PC O-","LPC O-","ENSG00000127472","PLA2G5","human"
"PC O-","LPC O-","ENSG00000117215","PLA2G2D","human"
"PC O-","LPC O-","ENSG00000184381","PLA2G6","human"
"PC O-","LPC O-","ENSG00000170890","PLA2G1B","human"
"PC O-","LPC O-","ENSG00000168970","JMJD7-PLA2G4B","human"
"PC O-","LPC O-","ENSG00000116711","PLA2G4A","human"
"PC O-","LPC O-","ENSG00000243708","PLA2G4B","human"
"PC O-","LPC O-","ENSG00000133328","PLAAT2","human"
"PC O-","LPC O-","ENSG00000123739","PLA2G12A","human"
"PC O-","LPC O-","ENSG00000159337","PLA2G4D","human"
"PC O-","LPC O-","ENSG00000188089","PLA2G4E","human"
"PC O-","LPC O-","ENSG00000158786","PLA2G2F","human"
"PC O-","LPC O-","ENSG00000176485","PLAAT3","human"
"PC O-","LPC O-","ENSG00000168907","PLA2G4F","human"
"PC O-","LPC O-","ENSG00000069764","PLA2G10","human"
"PC O-","LPC O-","ENSG00000188784","PLA2G2E","human"
"PC O-","LPC O-","ENSG00000105499","PLA2G4C","human"
"PC O-","LPC O-","ENSG00000187980","PLA2G2C","human"
"PC O-","LPC O-","ENSG00000163803","PLB1","human"
"PC O-","LPC O-","ENSG00000188257","PLA2G2A","human"
"PC P-","LPC P-","ENSG00000135241","PNPLA8","human"
"PC P-","LPC P-","ENSG00000276870","PLA2G10","human"
"PC P-","LPC P-","ENSG00000100078","PLA2G3","human"
"PC P-","LPC P-","ENSG00000138308","PLA2G12B","human"
"PC P-","LPC P-","ENSG00000127472","PLA2G5","human"
"PC P-","LPC P-","ENSG00000117215","PLA2G2D","human"
"PC P-","LPC P-","ENSG00000184381","PLA2G6","human"
"PC P-","LPC P-","ENSG00000170890","PLA2G1B","human"
"PC P-","LPC P-","ENSG00000168970","JMJD7-PLA2G4B","human"
"PC P-","LPC P-","ENSG00000116711","PLA2G4A","human"
"PC P-","LPC P-","ENSG00000243708","PLA2G4B","human"
"PC P-","LPC P-","ENSG00000133328","PLAAT2","human"
"PC P-","LPC P-","ENSG00000123739","PLA2G12A","human"
"PC P-","LPC P-","ENSG00000159337","PLA2G4D","human"
"PC P-","LPC P-","ENSG00000188089","PLA2G4E","human"
"PC P-","LPC P-","ENSG00000158786","PLA2G2F","human"
"PC P-","LPC P-","ENSG00000176485","PLAAT3","human"
"PC P-","LPC P-","ENSG00000168907","PLA2G4F","human"
"PC P-","LPC P-","ENSG00000069764","PLA2G10","human"
"PC P-","LPC P-","ENSG00000188784","PLA2G2E","human"
"PC P-","LPC P-","ENSG00000105499","PLA2G4C","human"
"PC P-","LPC P-","ENSG00000187980","PLA2G2C","human"
"PC P-","LPC P-","ENSG00000163803","PLB1","human"
"PC P-","LPC P-","ENSG00000188257","PLA2G2A","human"
"PE","LPE","ENSG00000188257","PLA2G2A","human"
"PE","LPE","ENSG00000135241","PNPLA8","human"
"PE","LPE","ENSG00000117215","PLA2G2D","human"
"PE","LPE","ENSG00000276870","PLA2G10","human"
"PE","LPE","ENSG00000100078","PLA2G3","human"
"PE","LPE","ENSG00000138308","PLA2G12B","human"
"PE","LPE","ENSG00000127472","PLA2G5","human"
"PE","LPE","ENSG00000184381","PLA2G6","human"
"PE","LPE","ENSG00000170890","PLA2G1B","human"
"PE","LPE","ENSG00000168970","JMJD7-PLA2G4B","human"
"PE","LPE","ENSG00000116711","PLA2G4A","human"
"PE","LPE","ENSG00000243708","PLA2G4B","human"
"PE","LPE","ENSG00000133328","PLAAT2","human"
"PE","LPE","ENSG00000123739","PLA2G12A","human"
"PE","LPE","ENSG00000159337","PLA2G4D","human"
"PE","LPE","ENSG00000188089","PLA2G4E","human"
"PE","LPE","ENSG00000158786","PLA2G2F","human"
"PE","LPE","ENSG00000176485","PLAAT3","human"
"PE","LPE","ENSG00000168907","PLA2G4F","human"
"PE","LPE","ENSG00000069764","PLA2G10","human"
"PE","LPE","ENSG00000188784","PLA2G2E","human"
"PE","LPE","ENSG00000105499","PLA2G4C","human"
"PE","LPE","ENSG00000187980","PLA2G2C","human"
"PE","LPE","ENSG00000163803","PLB1","human"
"PE","PC","ENSG00000133027","PEMT","human"
"PE O-","PE P-","ENSG00000240849","PEDS1","human"
"PE O-","PE P-","ENSG00000282367","PTDSS2","human"
"PE O-","PE P-","ENSG00000174915","PTDSS2","human"
"PE","PS","ENSG00000156471","PTDSS1","human"
"PE","PS","ENSG00000174915","PTDSS2","human"
"PE","PS","ENSG00000124208","PEDS1-UBE2V1","human"
"PE","PS","ENSG00000240849","PEDS1","human"
"PE O-","LPE O-","ENSG00000276870","PLA2G10","human"
"PE O-","LPE O-","ENSG00000100078","PLA2G3","human"
"PE O-","LPE O-","ENSG00000138308","PLA2G12B","human"
"PE O-","LPE O-","ENSG00000127472","PLA2G5","human"
"PE O-","LPE O-","ENSG00000117215","PLA2G2D","human"
"PE O-","LPE O-","ENSG00000184381","PLA2G6","human"
"PE O-","LPE O-","ENSG00000170890","PLA2G1B","human"
"PE O-","LPE O-","ENSG00000168970","JMJD7-PLA2G4B","human"
"PE O-","LPE O-","ENSG00000116711","PLA2G4A","human"
"PE O-","LPE O-","ENSG00000243708","PLA2G4B","human"
"PE O-","LPE O-","ENSG00000133328","PLAAT2","human"
"PE O-","LPE O-","ENSG00000123739","PLA2G12A","human"
"PE O-","LPE O-","ENSG00000159337","PLA2G4D","human"
"PE O-","LPE O-","ENSG00000188089","PLA2G4E","human"
"PE O-","LPE O-","ENSG00000158786","PLA2G2F","human"
"PE O-","LPE O-","ENSG00000176485","PLAAT3","human"
"PE O-","LPE O-","ENSG00000168907","PLA2G4F","human"
"PE O-","LPE O-","ENSG00000069764","PLA2G10","human"
"PE O-","LPE O-","ENSG00000188784","PLA2G2E","human"
"PE O-","LPE O-","ENSG00000105499","PLA2G4C","human"
"PE O-","LPE O-","ENSG00000187980","PLA2G2C","human"
"PE O-","LPE O-","ENSG00000163803","PLB1","human"
"PE O-","LPE O-","ENSG00000188257","PLA2G2A","human"
"PE P-","PA P-","ENSG00000166428","PLD4","human"
"PE P-","PA P-","ENSG00000129219","PLD2","human"
"PE P-","PA P-","ENSG00000105223","PLD3","human"
"PE P-","PA P-","ENSG00000075651","PLD1","human"
"PE P-","DAG P-","ENSG00000138018","SELENOI","human"
"PE P-","DAG P-","ENSG00000134255","CEPT1","human"
"PE P-","LPE P-","ENSG00000276870","PLA2G10","human"
"PE P-","LPE P-","ENSG00000100078","PLA2G3","human"
"PE P-","LPE P-","ENSG00000138308","PLA2G12B","human"
"PE P-","LPE P-","ENSG00000127472","PLA2G5","human"
"PE P-","LPE P-","ENSG00000117215","PLA2G2D","human"
"PE P-","LPE P-","ENSG00000184381","PLA2G6","human"
"PE P-","LPE P-","ENSG00000170890","PLA2G1B","human"
"PE P-","LPE P-","ENSG00000168970","JMJD7-PLA2G4B","human"
"PE P-","LPE P-","ENSG00000116711","PLA2G4A","human"
"PE P-","LPE P-","ENSG00000243708","PLA2G4B","human"
"PE P-","LPE P-","ENSG00000133328","PLAAT2","human"
"PE P-","LPE P-","ENSG00000123739","PLA2G12A","human"
"PE P-","LPE P-","ENSG00000159337","PLA2G4D","human"
"PE P-","LPE P-","ENSG00000188089","PLA2G4E","human"
"PE P-","LPE P-","ENSG00000158786","PLA2G2F","human"
"PE P-","LPE P-","ENSG00000176485","PLAAT3","human"
"PE P-","LPE P-","ENSG00000168907","PLA2G4F","human"
"PE P-","LPE P-","ENSG00000069764","PLA2G10","human"
"PE P-","LPE P-","ENSG00000188784","PLA2G2E","human"
"PE P-","LPE P-","ENSG00000105499","PLA2G4C","human"
"PE P-","LPE P-","ENSG00000187980","PLA2G2C","human"
"PE P-","LPE P-","ENSG00000163803","PLB1","human"
"PE P-","LPE P-","ENSG00000188257","PLA2G2A","human"
"PG","CL","ENSG00000088766","CRLS1","human"
"PG","LPG","ENSG00000276870","PLA2G10","human"
"PG","LPG","ENSG00000100078","PLA2G3","human"
"PG","LPG","ENSG00000138308","PLA2G12B","human"
"PG","LPG","ENSG00000127472","PLA2G5","human"
"PG","LPG","ENSG00000117215","PLA2G2D","human"
"PG","LPG","ENSG00000184381","PLA2G6","human"
"PG","LPG","ENSG00000170890","PLA2G1B","human"
"PG","LPG","ENSG00000168970","JMJD7-PLA2G4B","human"
"PG","LPG","ENSG00000116711","PLA2G4A","human"
"PG","LPG","ENSG00000243708","PLA2G4B","human"
"PG","LPG","ENSG00000133328","PLAAT2","human"
"PG","LPG","ENSG00000123739","PLA2G12A","human"
"PG","LPG","ENSG00000159337","PLA2G4D","human"
"PG","LPG","ENSG00000188089","PLA2G4E","human"
"PG","LPG","ENSG00000158786","PLA2G2F","human"
"PG","LPG","ENSG00000176485","PLAAT3","human"
"PG","LPG","ENSG00000168907","PLA2G4F","human"
"PG","LPG","ENSG00000069764","PLA2G10","human"
"PG","LPG","ENSG00000188784","PLA2G2E","human"
"PG","LPG","ENSG00000105499","PLA2G4C","human"
"PG","LPG","ENSG00000187980","PLA2G2C","human"
"PG","LPG","ENSG00000163803","PLB1","human"
"PG","LPG","ENSG00000188257","PLA2G2A","human"
"phCer","phSPB","ENSG00000104763","ASAH1","human"
"phCer","phSPB","ENSG00000188611","ASAH2","human"
"phCer","phSPB","ENSG00000177076","ACER2","human"
"phCer","phSPB","ENSG00000167769","ACER1","human"
"PI","DAG","ENSG00000276429","PLCH2","human"
"PI","DAG","ENSG00000182621","PLCB1","human"
"PI","DAG","ENSG00000137841","PLCB2","human"
"PI","DAG","ENSG00000149527","PLCH2","human"
"PI","DAG","ENSG00000124181","PLCG1","human"
"PI","DAG","ENSG00000101333","PLCB4","human"
"PI","DAG","ENSG00000161714","PLCD3","human"
"PI","DAG","ENSG00000187091","PLCD1","human"
"PI","DAG","ENSG00000114805","PLCH1","human"
"PI","DAG","ENSG00000139151","PLCZ1","human"
"PI","DAG","ENSG00000149782","PLCB3","human"
"PI","DAG","ENSG00000138193","PLCE1","human"
"PI","DAG","ENSG00000115556","PLCD4","human"
"PI","DAG","ENSG00000197943","PLCG2","human"
"PI","LPI","ENSG00000276870","PLA2G10","human"
"PI","LPI","ENSG00000100078","PLA2G3","human"
"PI","LPI","ENSG00000138308","PLA2G12B","human"
"PI","LPI","ENSG00000127472","PLA2G5","human"
"PI","LPI","ENSG00000117215","PLA2G2D","human"
"PI","LPI","ENSG00000184381","PLA2G6","human"
"PI","LPI","ENSG00000170890","PLA2G1B","human"
"PI","LPI","ENSG00000168970","JMJD7-PLA2G4B","human"
"PI","LPI","ENSG00000116711","PLA2G4A","human"
"PI","LPI","ENSG00000243708","PLA2G4B","human"
"PI","LPI","ENSG00000133328","PLAAT2","human"
"PI","LPI","ENSG00000123739","PLA2G12A","human"
"PI","LPI","ENSG00000159337","PLA2G4D","human"
"PI","LPI","ENSG00000188089","PLA2G4E","human"
"PI","LPI","ENSG00000158786","PLA2G2F","human"
"PI","LPI","ENSG00000176485","PLAAT3","human"
"PI","LPI","ENSG00000168907","PLA2G4F","human"
"PI","LPI","ENSG00000069764","PLA2G10","human"
"PI","LPI","ENSG00000188784","PLA2G2E","human"
"PI","LPI","ENSG00000105499","PLA2G4C","human"
"PI","LPI","ENSG00000187980","PLA2G2C","human"
"PI","LPI","ENSG00000163803","PLB1","human"
"PI","LPI","ENSG00000188257","PLA2G2A","human"
"PS","LPS","ENSG00000276870","PLA2G10","human"
"PS","LPS","ENSG00000100078","PLA2G3","human"
"PS","LPS","ENSG00000138308","PLA2G12B","human"
"PS","LPS","ENSG00000127472","PLA2G5","human"
"PS","LPS","ENSG00000117215","PLA2G2D","human"
"PS","LPS","ENSG00000184381","PLA2G6","human"
"PS","LPS","ENSG00000170890","PLA2G1B","human"
"PS","LPS","ENSG00000168970","JMJD7-PLA2G4B","human"
"PS","LPS","ENSG00000116711","PLA2G4A","human"
"PS","LPS","ENSG00000243708","PLA2G4B","human"
"PS","LPS","ENSG00000133328","PLAAT2","human"
"PS","LPS","ENSG00000123739","PLA2G12A","human"
"PS","LPS","ENSG00000159337","PLA2G4D","human"
"PS","LPS","ENSG00000188089","PLA2G4E","human"
"PS","LPS","ENSG00000158786","PLA2G2F","human"
"PS","LPS","ENSG00000176485","PLAAT3","human"
"PS","LPS","ENSG00000168907","PLA2G4F","human"
"PS","LPS","ENSG00000069764","PLA2G10","human"
"PS","LPS","ENSG00000188784","PLA2G2E","human"
"PS","LPS","ENSG00000105499","PLA2G4C","human"
"PS","LPS","ENSG00000187980","PLA2G2C","human"
"PS","LPS","ENSG00000163803","PLB1","human"
"PS","LPS","ENSG00000188257","PLA2G2A","human"
"PS","PE","ENSG00000241878","PISD","human"
"Serine+Palmitoyl CoA","ketodhSPB","ENSG00000090054","SPTLC1","human"
"Serine+Palmitoyl CoA","ketodhSPB","ENSG00000172296","SPTLC3","human"
"Serine+Palmitoyl CoA","ketodhSPB","ENSG00000100596","SPTLC2","human"
"SM","Cer","ENSG00000198964","SGMS1","human"
"SM","Cer","ENSG00000164023","SGMS2","human"
"SM","Cer","ENSG00000135587","SMPD2","human"
"SM","Cer","ENSG00000166311","SMPD1","human"
"SM","Cer","ENSG00000182156","ENPP7","human"
"SM","Cer","ENSG00000136699","SMPD4","human"
"SM","Cer","ENSG00000103056","SMPD3","human"
"SPB","Cer","ENSG00000154227","CERS3","human"
"SPB","Cer","ENSG00000139624","CERS5","human"
"SPB","Cer","ENSG00000143418","CERS2","human"
"SPB","Cer","ENSG00000090661","CERS4","human"
"SPB","Cer","ENSG00000223802","CERS1","human"
"SPB","Cer","ENSG00000172292","CERS6","human"
"SPB","SPBP","ENSG00000063176","SPHK2","human"
"SPB","SPBP","ENSG00000176170","SPHK1","human"
"SPBP","SPB","ENSG00000285281","SGPP1","human"
"SPBP","SPB","ENSG00000163082","SGPP2","human"
"SPBP","SPB","ENSG00000126821","SGPP1","human"
"SPBP","SPB","ENSG00000141934","PLPP2","human"
"SPBP","SPB","ENSG00000132793","LPIN3","human"
"SPBP","SPB","ENSG00000067113","PLPP1","human"
"SPBP","SPB","ENSG00000203805","PLPP4","human"
"SPBP","SPB","ENSG00000147535","PLPP5","human"
"SPBP","SPB","ENSG00000101577","LPIN2","human"
"SPBP","SPB","ENSG00000162407","PLPP3","human"
"SPBP","SPB","ENSG00000134324","LPIN1","human"
"Sulfatide","GalCer","ENSG00000100299","ARSA","human"
"TAG","DAG","ENSG00000100344","PNPLA3","human"
"TAG","DAG","ENSG00000101670","LIPG","human"
"TAG","DAG","ENSG00000203837","PNLIPRP3","human"
"TAG","DAG","ENSG00000166035","LIPC","human"
"TAG","DAG","ENSG00000114771","AADAC","human"
"TAG","DAG","ENSG00000182333","LIPF","human"
"TAG","DAG","ENSG00000170835","CEL","human"
"TAG","DAG","ENSG00000177666","PNPLA2","human"
"TAG","DAG","ENSG00000187021","PNLIPRP1","human"
"TAG","DAG","ENSG00000175535","PNLIP","human"
"TAG","DAG","ENSG00000266200","PNLIPRP2","human"
"Acyl-DHAP","Alkyl-DHAP","ENSMUSG00000042410","Agps","mouse"
"Cer","CerP","ENSMUSG00000035891","Cerk","mouse"
"Cer","CerP","ENSMUSG00000029916","Agk","mouse"
"Cer","SM","ENSMUSG00000040451","Sgms1","mouse"
"Cer","SM","ENSMUSG00000050931","Sgms2","mouse"
"Cer","SPB","ENSMUSG00000045019","Acer1","mouse"
"Cer","SPB","ENSMUSG00000038007","Acer2","mouse"
"Cer","SPB","ENSMUSG00000030760","Acer3","mouse"
"Cer","SPB","ENSMUSG00000029413","Naaa","mouse"
"Cer","SPB","ENSMUSG00000024887","Asah2","mouse"
"Cer","SPB","ENSMUSG00000031591","Asah1","mouse"
"Cer","HexCer","ENSMUSG00000028381","Ugcg","mouse"
"Cer","HexCer","ENSMUSG00000032854","Ugt8a","mouse"
"CerP","Cer","ENSMUSG00000021759","Plpp1","mouse"
"CerP","Cer","ENSMUSG00000028517","Plpp3","mouse"
"CerP","Cer","ENSMUSG00000052151","Plpp2","mouse"
"CerP","Cer","ENSMUSG00000032908","Sgpp2","mouse"
"CerP","Cer","ENSMUSG00000021054","Sgpp1","mouse"
"CerP","Cer","ENSMUSG00000020593","Lpin1","mouse"
"CerP","Cer","ENSMUSG00000024052","Lpin2","mouse"
"CerP","Cer","ENSMUSG00000070366","Plpp4","mouse"
"CerP","Cer","ENSMUSG00000031570","Plpp5","mouse"
"CerP","Cer","ENSMUSG00000027412","Lpin3","mouse"
"DAG","PA","ENSMUSG00000038665","Dgki","mouse"
"DAG","PA","ENSMUSG00000034731","Dgkh","mouse"
"DAG","PA","ENSMUSG00000070738","Dgkd","mouse"
"DAG","PA","ENSMUSG00000025357","Dgka","mouse"
"DAG","PA","ENSMUSG00000036095","Dgkb","mouse"
"DAG","PA","ENSMUSG00000004815","Dgkq","mouse"
"DAG","PA","ENSMUSG00000040479","Dgkz","mouse"
"DAG","PA","ENSMUSG00000022861","Dgkg","mouse"
"DAG","PA","ENSMUSG00000029916","Agk","mouse"
"DAG","PA","ENSMUSG00000000276","Dgke","mouse"
"DAG","PA","ENSMUSG00000062393","Dgkk","mouse"
"DAG","TAG","ENSMUSG00000030747","Dgat2","mouse"
"DAG","TAG","ENSMUSG00000022555","Dgat1","mouse"
"DAG","PE","ENSMUSG00000075703","Selenoi","mouse"
"DAG","PE","ENSMUSG00000040774","Cept1","mouse"
"DAG","MAG","ENSMUSG00000041653","Pnpla3","mouse"
"DAG","MAG","ENSMUSG00000046008","Pnlip","mouse"
"DAG","MAG","ENSMUSG00000042179","Pnliprp1","mouse"
"DAG","MAG","ENSMUSG00000025091","Pnliprp2","mouse"
"DAG","MAG","ENSMUSG00000024768","Lipf","mouse"
"DAG","MAG","ENSMUSG00000026818","Cel","mouse"
"DAG","MAG","ENSMUSG00000053846","Lipg","mouse"
"DAG","MAG","ENSMUSG00000027761","Aadac","mouse"
"DAG","MAG","ENSMUSG00000032207","Lipc","mouse"
"DAG","MAG","ENSMUSG00000025509","Pnpla2","mouse"
"DAG","PC","ENSMUSG00000040774","Cept1","mouse"
"DAG","PC","ENSMUSG00000060002","Chpt1","mouse"
"DAG O-","PE O-","ENSMUSG00000040774","Cept1","mouse"
"DAG O-","PE O-","ENSMUSG00000075703","Selenoi","mouse"
"DAG O-","PC O-","ENSMUSG00000040774","Cept1","mouse"
"DAG O-","PC O-","ENSMUSG00000060002","Chpt1","mouse"
"DHAP","Acyl-DHAP","ENSMUSG00000031985","Gnpat","mouse"
"DHAP","G3P","ENSMUSG00000023019","Gpd1","mouse"
"DHAP","G3P","ENSMUSG00000050627","Gpd1l","mouse"
"DHAP","G3P","ENSMUSG00000026827","Gpd2","mouse"
"dhCer","dhSPB","ENSMUSG00000045019","Acer1","mouse"
"dhCer","dhSPB","ENSMUSG00000038007","Acer2","mouse"
"dhCer","dhSPB","ENSMUSG00000030760","Acer3","mouse"
"dhCer","dhSPB","ENSMUSG00000031591","Asah1","mouse"
"dhCer","dhSPB","ENSMUSG00000024887","Asah2","mouse"
"dhCer","Cer","ENSMUSG00000038633","Degs1","mouse"
"dhCer","Cer","ENSMUSG00000021263","Degs2","mouse"
"dhCer","Cer","ENSMUSG00000038768","9130409I23Rik","mouse"
"dhCer","phCer","ENSMUSG00000038768","9130409I23Rik","mouse"
"dhCer","phCer","ENSMUSG00000038633","Degs1","mouse"
"dhCer","phCer","ENSMUSG00000021263","Degs2","mouse"
"dhSPB","dhCer","ENSMUSG00000015714","Cers2","mouse"
"dhSPB","dhCer","ENSMUSG00000030510","Cers3","mouse"
"dhSPB","dhCer","ENSMUSG00000027035","Cers6","mouse"
"dhSPB","dhCer","ENSMUSG00000023021","Cers5","mouse"
"dhSPB","dhCer","ENSMUSG00000008206","Cers4","mouse"
"dhSPB","dhCer","ENSMUSG00000087408","Cers1","mouse"
"dhSPB","dhSPBP","ENSMUSG00000057342","Sphk2","mouse"
"dhSPB","dhSPBP","ENSMUSG00000061878","Sphk1","mouse"
"dhSPBP","dhSPB","ENSMUSG00000032908","Sgpp2","mouse"
"dhSPBP","dhSPB","ENSMUSG00000021054","Sgpp1","mouse"
"dhSPBP","dhSPB","ENSMUSG00000020593","Lpin1","mouse"
"dhSPBP","dhSPB","ENSMUSG00000028517","Plpp3","mouse"
"dhSPBP","dhSPB","ENSMUSG00000021759","Plpp1","mouse"
"dhSPBP","dhSPB","ENSMUSG00000024052","Lpin2","mouse"
"dhSPBP","dhSPB","ENSMUSG00000070366","Plpp4","mouse"
"dhSPBP","dhSPB","ENSMUSG00000031570","Plpp5","mouse"
"dhSPBP","dhSPB","ENSMUSG00000052151","Plpp2","mouse"
"dhSPBP","dhSPB","ENSMUSG00000027412","Lpin3","mouse"
"dhSPB","phSPB","ENSMUSG00000038768","9130409I23Rik","mouse"
"dhSPB","phSPB","ENSMUSG00000038633","Degs1","mouse"
"dhSPB","phSPB","ENSMUSG00000021263","Degs2","mouse"
"G3P","LPA","ENSMUSG00000046338","Gpat2","mouse"
"G3P","LPA","ENSMUSG00000024978","Gpam","mouse"
"G3P","LPA","ENSMUSG00000029314","Gpat3","mouse"
"G3P","LPA","ENSMUSG00000031545","Gpat4","mouse"
"G3P","DHAP","ENSMUSG00000023019","Gpd1","mouse"
"G3P","DHAP","ENSMUSG00000050627","Gpd1l","mouse"
"G3P","DHAP","ENSMUSG00000026827","Gpd2","mouse"
"GalCer","HexCer","ENSMUSG00000021003","Galc","mouse"
"GalCer","Sulfatide","ENSMUSG00000049721","Gal3st1","mouse"
"GlcCer","HexCer","ENSMUSG00000028048","Gba","mouse"
"GlcCer","HexCer","ENSMUSG00000028467","Gba2","mouse"
"GlcCer","LacCer","ENSMUSG00000056124","B4galt6","mouse"
"GlcCer","LacCer","ENSMUSG00000017929","B4galt5","mouse"
"HexCer","Cer","ENSMUSG00000028048","Gba","mouse"
"HexCer","Cer","ENSMUSG00000028467","Gba2","mouse"
"HexCer","GlcCer","ENSMUSG00000028381","Ugcg","mouse"
"HexCer","GalCer","ENSMUSG00000032854","Ugt8a","mouse"
"HexCer","Cer","ENSMUSG00000021003","Galc","mouse"
"ketodhSPB","dhSPB","ENSMUSG00000009905","Kdsr","mouse"
"LacCer","GlcCer","ENSMUSG00000045594","Glb1","mouse"
"LPA","PA","ENSMUSG00000046338","Gpat2","mouse"
"LPA","PA","ENSMUSG00000054469","Lclat1","mouse"
"LPA","PA","ENSMUSG00000029314","Gpat3","mouse"
"LPA","PA","ENSMUSG00000026922","Agpat2","mouse"
"LPA","PA","ENSMUSG00000023827","Agpat4","mouse"
"LPA","PA","ENSMUSG00000031467","Agpat5","mouse"
"LPA","PA","ENSMUSG00000001211","Agpat3","mouse"
"LPA","PA","ENSMUSG00000032540","Abhd5","mouse"
"LPA","PA","ENSMUSG00000020646","Mboat2","mouse"
"LPA","PA","ENSMUSG00000038732","Mboat1","mouse"
"LPA","PA","ENSMUSG00000034254","Agpat1","mouse"
"LPC","PC","ENSMUSG00000038732","Mboat1","mouse"
"LPC","PC","ENSMUSG00000020646","Mboat2","mouse"
"LPC","PC","ENSMUSG00000004270","Lpcat3","mouse"
"LPC","PC","ENSMUSG00000021608","Lpcat1","mouse"
"LPC","PC","ENSMUSG00000033192","Lpcat2","mouse"
"LPC","PC","ENSMUSG00000027134","Lpcat4","mouse"
"LPC","PC","ENSMUSG00000033794","Lpcat2b","mouse"
"LPC","LPA","ENSMUSG00000052160","Pld4","mouse"
"LPC","LPA","ENSMUSG00000027695","Pld1","mouse"
"LPC","LPA","ENSMUSG00000020828","Pld2","mouse"
"LPC","LPA","ENSMUSG00000003363","Pld3","mouse"
"LPC O-","PC O-","ENSMUSG00000021608","Lpcat1","mouse"
"LPC O-","PC O-","ENSMUSG00000033192","Lpcat2","mouse"
"LPC O-","PC O-","ENSMUSG00000033794","Lpcat2b","mouse"
"LPE","PE","ENSMUSG00000038732","Mboat1","mouse"
"LPE","PE","ENSMUSG00000020646","Mboat2","mouse"
"LPE","PE","ENSMUSG00000004270","Lpcat3","mouse"
"LPE","PE","ENSMUSG00000027134","Lpcat4","mouse"
"LPE P-","PE P-","ENSMUSG00000027134","Lpcat4","mouse"
"LPE P-","LPA P-","ENSMUSG00000030703","Gdpd3","mouse"
"LPE P-","LPA P-","ENSMUSG00000022425","Enpp2","mouse"
"LPE P-","LPA P-","ENSMUSG00000061666","Gdpd1","mouse"
"LPE P-","MAG P-","ENSMUSG00000030703","Gdpd3","mouse"
"LPE P-","MAG P-","ENSMUSG00000022425","Enpp2","mouse"
"LPE P-","MAG P-","ENSMUSG00000061666","Gdpd1","mouse"
"LPG","PG","ENSMUSG00000021608","Lpcat1","mouse"
"LPG","PG","ENSMUSG00000054469","Lclat1","mouse"
"LPG","PG","ENSMUSG00000024978","Gpam","mouse"
"LPG","PG","ENSMUSG00000033192","Lpcat2","mouse"
"LPG","PG","ENSMUSG00000026623","Lpgat1","mouse"
"LPG","PG","ENSMUSG00000027134","Lpcat4","mouse"
"LPG","PG","ENSMUSG00000033794","Lpcat2b","mouse"
"LPI","PI","ENSMUSG00000054469","Lclat1","mouse"
"LPI","PI","ENSMUSG00000035596","Mboat7","mouse"
"LPI","PI","ENSMUSG00000023827","Agpat4","mouse"
"LPI","PI","ENSMUSG00000001211","Agpat3","mouse"
"LPS","PS","ENSMUSG00000038732","Mboat1","mouse"
"LPS","PS","ENSMUSG00000004270","Lpcat3","mouse"
"LPS","PS","ENSMUSG00000020646","Mboat2","mouse"
"LPS","PS","ENSMUSG00000027134","Lpcat4","mouse"
"MAG","DAG","ENSMUSG00000012187","Mogat1","mouse"
"MAG","DAG","ENSMUSG00000052396","Mogat2","mouse"
"MLCL","CL","ENSMUSG00000009995","Tafazzin","mouse"
"MLCL","CL","ENSMUSG00000054469","Lclat1","mouse"
"PA","PI","ENSMUSG00000030682","Cdipt","mouse"
"PA","PG","ENSMUSG00000017715","Pgs1","mouse"
"PA","PI","ENSMUSG00000029330","Cds1","mouse"
"PA","PI","ENSMUSG00000058793","Cds2","mouse"
"PA","PG","ENSMUSG00000029330","Cds1","mouse"
"PA","PG","ENSMUSG00000058793","Cds2","mouse"
"PA","DAG","ENSMUSG00000070366","Plpp4","mouse"
"PA","DAG","ENSMUSG00000031570","Plpp5","mouse"
"PA","DAG","ENSMUSG00000021759","Plpp1","mouse"
"PA","DAG","ENSMUSG00000028517","Plpp3","mouse"
"PA","DAG","ENSMUSG00000027412","Lpin3","mouse"
"PA","DAG","ENSMUSG00000024052","Lpin2","mouse"
"PA","DAG","ENSMUSG00000052151","Plpp2","mouse"
"PA","DAG","ENSMUSG00000020593","Lpin1","mouse"
"PA","PG","ENSMUSG00000063235","Ptpmt1","mouse"
"PA","LPA","ENSMUSG00000098488","Pla2g4b","mouse"
"PA","LPA","ENSMUSG00000050211","Pla2g4e","mouse"
"PA","LPA","ENSMUSG00000070719","Pla2g4d","mouse"
"PA","LPA","ENSMUSG00000046971","Pla2g4f","mouse"
"PA","LPA","ENSMUSG00000060675","Plaat3","mouse"
"PA","LPA","ENSMUSG00000027999","Pla2g12a","mouse"
"PA","LPA","ENSMUSG00000009646","Pla2g12b","mouse"
"PA","LPA","ENSMUSG00000042632","Pla2g6","mouse"
"PA","LPA","ENSMUSG00000022683","Pla2g10","mouse"
"PA","LPA","ENSMUSG00000034579","Pla2g3","mouse"
"PA","LPA","ENSMUSG00000028750","Pla2g2c","mouse"
"PA","LPA","ENSMUSG00000028749","Pla2g2f","mouse"
"PA","LPA","ENSMUSG00000041202","Pla2g2d","mouse"
"PA","LPA","ENSMUSG00000041193","Pla2g5","mouse"
"PA","LPA","ENSMUSG00000058908","Pla2g2a","mouse"
"PA","LPA","ENSMUSG00000028751","Pla2g2e","mouse"
"PA","LPA","ENSMUSG00000029134","Plb1","mouse"
"PA","LPA","ENSMUSG00000056220","Pla2g4a","mouse"
"PA","LPA","ENSMUSG00000033847","Pla2g4c","mouse"
"PA","LPA","ENSMUSG00000029522","Pla2g1b","mouse"
"PA O-","DAG O-","ENSMUSG00000020593","Lpin1","mouse"
"PA O-","DAG O-","ENSMUSG00000028517","Plpp3","mouse"
"PA O-","DAG O-","ENSMUSG00000021759","Plpp1","mouse"
"PA O-","DAG O-","ENSMUSG00000024052","Lpin2","mouse"
"PA O-","DAG O-","ENSMUSG00000070366","Plpp4","mouse"
"PA O-","DAG O-","ENSMUSG00000031570","Plpp5","mouse"
"PA O-","DAG O-","ENSMUSG00000052151","Plpp2","mouse"
"PA O-","DAG O-","ENSMUSG00000027412","Lpin3","mouse"
"PC","PA","ENSMUSG00000020828","Pld2","mouse"
"PC","PA","ENSMUSG00000052160","Pld4","mouse"
"PC","PA","ENSMUSG00000027695","Pld1","mouse"
"PC","PA","ENSMUSG00000003363","Pld3","mouse"
"PC","LPC","ENSMUSG00000056220","Pla2g4a","mouse"
"PC","LPC","ENSMUSG00000042632","Pla2g6","mouse"
"PC","LPC","ENSMUSG00000029134","Plb1","mouse"
"PC","LPC","ENSMUSG00000046971","Pla2g4f","mouse"
"PC","LPC","ENSMUSG00000050211","Pla2g4e","mouse"
"PC","LPC","ENSMUSG00000070719","Pla2g4d","mouse"
"PC","LPC","ENSMUSG00000033847","Pla2g4c","mouse"
"PC","LPC","ENSMUSG00000025509","Pnpla2","mouse"
"PC","LPC","ENSMUSG00000034579","Pla2g3","mouse"
"PC","LPC","ENSMUSG00000036257","Pnpla8","mouse"
"PC","LPC","ENSMUSG00000060675","Plaat3","mouse"
"PC","LPC","ENSMUSG00000031903","Pla2g15","mouse"
"PC","LPC","ENSMUSG00000002475","Abhd3","mouse"
"PC","LPC","ENSMUSG00000028751","Pla2g2e","mouse"
"PC","LPC","ENSMUSG00000022683","Pla2g10","mouse"
"PC","LPC","ENSMUSG00000028749","Pla2g2f","mouse"
"PC","LPC","ENSMUSG00000041202","Pla2g2d","mouse"
"PC","LPC","ENSMUSG00000029522","Pla2g1b","mouse"
"PC","LPC","ENSMUSG00000098488","Pla2g4b","mouse"
"PC","LPC","ENSMUSG00000027999","Pla2g12a","mouse"
"PC","LPC","ENSMUSG00000009646","Pla2g12b","mouse"
"PC","LPC","ENSMUSG00000028750","Pla2g2c","mouse"
"PC","LPC","ENSMUSG00000041193","Pla2g5","mouse"
"PC","LPC","ENSMUSG00000058908","Pla2g2a","mouse"
"PC","PS","ENSMUSG00000021518","Ptdss1","mouse"
"PC","PG","ENSMUSG00000043648","Pld6","mouse"
"PC","PG","ENSMUSG00000052160","Pld4","mouse"
"PC","PG","ENSMUSG00000027695","Pld1","mouse"
"PC","PG","ENSMUSG00000020828","Pld2","mouse"
"PC","PG","ENSMUSG00000003363","Pld3","mouse"
"PC O-","LPC O-","ENSMUSG00000098488","Pla2g4b","mouse"
"PC O-","LPC O-","ENSMUSG00000050211","Pla2g4e","mouse"
"PC O-","LPC O-","ENSMUSG00000070719","Pla2g4d","mouse"
"PC O-","LPC O-","ENSMUSG00000046971","Pla2g4f","mouse"
"PC O-","LPC O-","ENSMUSG00000060675","Plaat3","mouse"
"PC O-","LPC O-","ENSMUSG00000027999","Pla2g12a","mouse"
"PC O-","LPC O-","ENSMUSG00000009646","Pla2g12b","mouse"
"PC O-","LPC O-","ENSMUSG00000042632","Pla2g6","mouse"
"PC O-","LPC O-","ENSMUSG00000022683","Pla2g10","mouse"
"PC O-","LPC O-","ENSMUSG00000034579","Pla2g3","mouse"
"PC O-","LPC O-","ENSMUSG00000028750","Pla2g2c","mouse"
"PC O-","LPC O-","ENSMUSG00000028749","Pla2g2f","mouse"
"PC O-","LPC O-","ENSMUSG00000041202","Pla2g2d","mouse"
"PC O-","LPC O-","ENSMUSG00000041193","Pla2g5","mouse"
"PC O-","LPC O-","ENSMUSG00000058908","Pla2g2a","mouse"
"PC O-","LPC O-","ENSMUSG00000028751","Pla2g2e","mouse"
"PC O-","LPC O-","ENSMUSG00000029134","Plb1","mouse"
"PC O-","LPC O-","ENSMUSG00000056220","Pla2g4a","mouse"
"PC O-","LPC O-","ENSMUSG00000033847","Pla2g4c","mouse"
"PC O-","LPC O-","ENSMUSG00000029522","Pla2g1b","mouse"
"PC P-","LPC P-","ENSMUSG00000036257","Pnpla8","mouse"
"PC P-","LPC P-","ENSMUSG00000098488","Pla2g4b","mouse"
"PC P-","LPC P-","ENSMUSG00000050211","Pla2g4e","mouse"
"PC P-","LPC P-","ENSMUSG00000070719","Pla2g4d","mouse"
"PC P-","LPC P-","ENSMUSG00000046971","Pla2g4f","mouse"
"PC P-","LPC P-","ENSMUSG00000060675","Plaat3","mouse"
"PC P-","LPC P-","ENSMUSG00000027999","Pla2g12a","mouse"
"PC P-","LPC P-","ENSMUSG00000009646","Pla2g12b","mouse"
"PC P-","LPC P-","ENSMUSG00000042632","Pla2g6","mouse"
"PC P-","LPC P-","ENSMUSG00000022683","Pla2g10","mouse"
"PC P-","LPC P-","ENSMUSG00000034579","Pla2g3","mouse"
"PC P-","LPC P-","ENSMUSG00000028750","Pla2g2c","mouse"
"PC P-","LPC P-","ENSMUSG00000028749","Pla2g2f","mouse"
"PC P-","LPC P-","ENSMUSG00000041202","Pla2g2d","mouse"
"PC P-","LPC P-","ENSMUSG00000041193","Pla2g5","mouse"
"PC P-","LPC P-","ENSMUSG00000058908","Pla2g2a","mouse"
"PC P-","LPC P-","ENSMUSG00000028751","Pla2g2e","mouse"
"PC P-","LPC P-","ENSMUSG00000029134","Plb1","mouse"
"PC P-","LPC P-","ENSMUSG00000056220","Pla2g4a","mouse"
"PC P-","LPC P-","ENSMUSG00000033847","Pla2g4c","mouse"
"PC P-","LPC P-","ENSMUSG00000029522","Pla2g1b","mouse"
"PE","LPE","ENSMUSG00000036257","Pnpla8","mouse"
"PE","LPE","ENSMUSG00000041202","Pla2g2d","mouse"
"PE","LPE","ENSMUSG00000098488","Pla2g4b","mouse"
"PE","LPE","ENSMUSG00000050211","Pla2g4e","mouse"
"PE","LPE","ENSMUSG00000070719","Pla2g4d","mouse"
"PE","LPE","ENSMUSG00000046971","Pla2g4f","mouse"
"PE","LPE","ENSMUSG00000060675","Plaat3","mouse"
"PE","LPE","ENSMUSG00000027999","Pla2g12a","mouse"
"PE","LPE","ENSMUSG00000009646","Pla2g12b","mouse"
"PE","LPE","ENSMUSG00000042632","Pla2g6","mouse"
"PE","LPE","ENSMUSG00000022683","Pla2g10","mouse"
"PE","LPE","ENSMUSG00000034579","Pla2g3","mouse"
"PE","LPE","ENSMUSG00000028750","Pla2g2c","mouse"
"PE","LPE","ENSMUSG00000028749","Pla2g2f","mouse"
"PE","LPE","ENSMUSG00000041193","Pla2g5","mouse"
"PE","LPE","ENSMUSG00000058908","Pla2g2a","mouse"
"PE","LPE","ENSMUSG00000028751","Pla2g2e","mouse"
"PE","LPE","ENSMUSG00000029134","Plb1","mouse"
"PE","LPE","ENSMUSG00000056220","Pla2g4a","mouse"
"PE","LPE","ENSMUSG00000033847","Pla2g4c","mouse"
"PE","LPE","ENSMUSG00000029522","Pla2g1b","mouse"
"PE","PC","ENSMUSG00000000301","Pemt","mouse"
"PE O-","PE P-","ENSMUSG00000090213","Peds1","mouse"
"PE O-","PE P-","ENSMUSG00000025495","Ptdss2","mouse"
"PE","PS","ENSMUSG00000021518","Ptdss1","mouse"
"PE","PS","ENSMUSG00000025495","Ptdss2","mouse"
"PE","PS","ENSMUSG00000090213","Peds1","mouse"
"PE O-","LPE O-","ENSMUSG00000098488","Pla2g4b","mouse"
"PE O-","LPE O-","ENSMUSG00000050211","Pla2g4e","mouse"
"PE O-","LPE O-","ENSMUSG00000070719","Pla2g4d","mouse"
"PE O-","LPE O-","ENSMUSG00000046971","Pla2g4f","mouse"
"PE O-","LPE O-","ENSMUSG00000060675","Plaat3","mouse"
"PE O-","LPE O-","ENSMUSG00000027999","Pla2g12a","mouse"
"PE O-","LPE O-","ENSMUSG00000009646","Pla2g12b","mouse"
"PE O-","LPE O-","ENSMUSG00000042632","Pla2g6","mouse"
"PE O-","LPE O-","ENSMUSG00000022683","Pla2g10","mouse"
"PE O-","LPE O-","ENSMUSG00000034579","Pla2g3","mouse"
"PE O-","LPE O-","ENSMUSG00000028750","Pla2g2c","mouse"
"PE O-","LPE O-","ENSMUSG00000028749","Pla2g2f","mouse"
"PE O-","LPE O-","ENSMUSG00000041202","Pla2g2d","mouse"
"PE O-","LPE O-","ENSMUSG00000041193","Pla2g5","mouse"
"PE O-","LPE O-","ENSMUSG00000058908","Pla2g2a","mouse"
"PE O-","LPE O-","ENSMUSG00000028751","Pla2g2e","mouse"
"PE O-","LPE O-","ENSMUSG00000029134","Plb1","mouse"
"PE O-","LPE O-","ENSMUSG00000056220","Pla2g4a","mouse"
"PE O-","LPE O-","ENSMUSG00000033847","Pla2g4c","mouse"
"PE O-","LPE O-","ENSMUSG00000029522","Pla2g1b","mouse"
"PE P-","PA P-","ENSMUSG00000052160","Pld4","mouse"
"PE P-","PA P-","ENSMUSG00000027695","Pld1","mouse"
"PE P-","PA P-","ENSMUSG00000020828","Pld2","mouse"
"PE P-","PA P-","ENSMUSG00000003363","Pld3","mouse"
"PE P-","DAG P-","ENSMUSG00000040774","Cept1","mouse"
"PE P-","DAG P-","ENSMUSG00000075703","Selenoi","mouse"
"PE P-","LPE P-","ENSMUSG00000098488","Pla2g4b","mouse"
"PE P-","LPE P-","ENSMUSG00000050211","Pla2g4e","mouse"
"PE P-","LPE P-","ENSMUSG00000070719","Pla2g4d","mouse"
"PE P-","LPE P-","ENSMUSG00000046971","Pla2g4f","mouse"
"PE P-","LPE P-","ENSMUSG00000060675","Plaat3","mouse"
"PE P-","LPE P-","ENSMUSG00000027999","Pla2g12a","mouse"
"PE P-","LPE P-","ENSMUSG00000009646","Pla2g12b","mouse"
"PE P-","LPE P-","ENSMUSG00000042632","Pla2g6","mouse"
"PE P-","LPE P-","ENSMUSG00000022683","Pla2g10","mouse"
"PE P-","LPE P-","ENSMUSG00000034579","Pla2g3","mouse"
"PE P-","LPE P-","ENSMUSG00000028750","Pla2g2c","mouse"
"PE P-","LPE P-","ENSMUSG00000028749","Pla2g2f","mouse"
"PE P-","LPE P-","ENSMUSG00000041202","Pla2g2d","mouse"
"PE P-","LPE P-","ENSMUSG00000041193","Pla2g5","mouse"
"PE P-","LPE P-","ENSMUSG00000058908","Pla2g2a","mouse"
"PE P-","LPE P-","ENSMUSG00000028751","Pla2g2e","mouse"
"PE P-","LPE P-","ENSMUSG00000029134","Plb1","mouse"
"PE P-","LPE P-","ENSMUSG00000056220","Pla2g4a","mouse"
"PE P-","LPE P-","ENSMUSG00000033847","Pla2g4c","mouse"
"PE P-","LPE P-","ENSMUSG00000029522","Pla2g1b","mouse"
"PG","CL","ENSMUSG00000027357","Crls1","mouse"
"PG","LPG","ENSMUSG00000098488","Pla2g4b","mouse"
"PG","LPG","ENSMUSG00000050211","Pla2g4e","mouse"
"PG","LPG","ENSMUSG00000070719","Pla2g4d","mouse"
"PG","LPG","ENSMUSG00000046971","Pla2g4f","mouse"
"PG","LPG","ENSMUSG00000060675","Plaat3","mouse"
"PG","LPG","ENSMUSG00000027999","Pla2g12a","mouse"
"PG","LPG","ENSMUSG00000009646","Pla2g12b","mouse"
"PG","LPG","ENSMUSG00000042632","Pla2g6","mouse"
"PG","LPG","ENSMUSG00000022683","Pla2g10","mouse"
"PG","LPG","ENSMUSG00000034579","Pla2g3","mouse"
"PG","LPG","ENSMUSG00000028750","Pla2g2c","mouse"
"PG","LPG","ENSMUSG00000028749","Pla2g2f","mouse"
"PG","LPG","ENSMUSG00000041202","Pla2g2d","mouse"
"PG","LPG","ENSMUSG00000041193","Pla2g5","mouse"
"PG","LPG","ENSMUSG00000058908","Pla2g2a","mouse"
"PG","LPG","ENSMUSG00000028751","Pla2g2e","mouse"
"PG","LPG","ENSMUSG00000029134","Plb1","mouse"
"PG","LPG","ENSMUSG00000056220","Pla2g4a","mouse"
"PG","LPG","ENSMUSG00000033847","Pla2g4c","mouse"
"PG","LPG","ENSMUSG00000029522","Pla2g1b","mouse"
"phCer","phSPB","ENSMUSG00000031591","Asah1","mouse"
"phCer","phSPB","ENSMUSG00000024887","Asah2","mouse"
"phCer","phSPB","ENSMUSG00000045019","Acer1","mouse"
"phCer","phSPB","ENSMUSG00000038007","Acer2","mouse"
"PI","DAG","ENSMUSG00000024998","Plce1","mouse"
"PI","DAG","ENSMUSG00000034330","Plcg2","mouse"
"PI","DAG","ENSMUSG00000029055","Plch2","mouse"
"PI","DAG","ENSMUSG00000024960","Plcb3","mouse"
"PI","DAG","ENSMUSG00000036834","Plch1","mouse"
"PI","DAG","ENSMUSG00000030230","Plcz1","mouse"
"PI","DAG","ENSMUSG00000016933","Plcg1","mouse"
"PI","DAG","ENSMUSG00000010660","Plcd1","mouse"
"PI","DAG","ENSMUSG00000026173","Plcd4","mouse"
"PI","DAG","ENSMUSG00000020937","Plcd3","mouse"
"PI","DAG","ENSMUSG00000051177","Plcb1","mouse"
"PI","DAG","ENSMUSG00000039943","Plcb4","mouse"
"PI","DAG","ENSMUSG00000040061","Plcb2","mouse"
"PI","LPI","ENSMUSG00000098488","Pla2g4b","mouse"
"PI","LPI","ENSMUSG00000050211","Pla2g4e","mouse"
"PI","LPI","ENSMUSG00000070719","Pla2g4d","mouse"
"PI","LPI","ENSMUSG00000046971","Pla2g4f","mouse"
"PI","LPI","ENSMUSG00000060675","Plaat3","mouse"
"PI","LPI","ENSMUSG00000027999","Pla2g12a","mouse"
"PI","LPI","ENSMUSG00000009646","Pla2g12b","mouse"
"PI","LPI","ENSMUSG00000042632","Pla2g6","mouse"
"PI","LPI","ENSMUSG00000022683","Pla2g10","mouse"
"PI","LPI","ENSMUSG00000034579","Pla2g3","mouse"
"PI","LPI","ENSMUSG00000028750","Pla2g2c","mouse"
"PI","LPI","ENSMUSG00000028749","Pla2g2f","mouse"
"PI","LPI","ENSMUSG00000041202","Pla2g2d","mouse"
"PI","LPI","ENSMUSG00000041193","Pla2g5","mouse"
"PI","LPI","ENSMUSG00000058908","Pla2g2a","mouse"
"PI","LPI","ENSMUSG00000028751","Pla2g2e","mouse"
"PI","LPI","ENSMUSG00000029134","Plb1","mouse"
"PI","LPI","ENSMUSG00000056220","Pla2g4a","mouse"
"PI","LPI","ENSMUSG00000033847","Pla2g4c","mouse"
"PI","LPI","ENSMUSG00000029522","Pla2g1b","mouse"
"PS","LPS","ENSMUSG00000098488","Pla2g4b","mouse"
"PS","LPS","ENSMUSG00000050211","Pla2g4e","mouse"
"PS","LPS","ENSMUSG00000070719","Pla2g4d","mouse"
"PS","LPS","ENSMUSG00000046971","Pla2g4f","mouse"
"PS","LPS","ENSMUSG00000060675","Plaat3","mouse"
"PS","LPS","ENSMUSG00000027999","Pla2g12a","mouse"
"PS","LPS","ENSMUSG00000009646","Pla2g12b","mouse"
"PS","LPS","ENSMUSG00000042632","Pla2g6","mouse"
"PS","LPS","ENSMUSG00000022683","Pla2g10","mouse"
"PS","LPS","ENSMUSG00000034579","Pla2g3","mouse"
"PS","LPS","ENSMUSG00000028750","Pla2g2c","mouse"
"PS","LPS","ENSMUSG00000028749","Pla2g2f","mouse"
"PS","LPS","ENSMUSG00000041202","Pla2g2d","mouse"
"PS","LPS","ENSMUSG00000041193","Pla2g5","mouse"
"PS","LPS","ENSMUSG00000058908","Pla2g2a","mouse"
"PS","LPS","ENSMUSG00000028751","Pla2g2e","mouse"
"PS","LPS","ENSMUSG00000029134","Plb1","mouse"
"PS","LPS","ENSMUSG00000056220","Pla2g4a","mouse"
"PS","LPS","ENSMUSG00000033847","Pla2g4c","mouse"
"PS","LPS","ENSMUSG00000029522","Pla2g1b","mouse"
"PS","PE","ENSMUSG00000023452","Pisd","mouse"
"Serine+Palmitoyl CoA","ketodhSPB","ENSMUSG00000021468","Sptlc1","mouse"
"Serine+Palmitoyl CoA","ketodhSPB","ENSMUSG00000021036","Sptlc2","mouse"
"Serine+Palmitoyl CoA","ketodhSPB","ENSMUSG00000039092","Sptlc3","mouse"
"SM","Cer","ENSMUSG00000040451","Sgms1","mouse"
"SM","Cer","ENSMUSG00000050931","Sgms2","mouse"
"SM","Cer","ENSMUSG00000071724","Smpd5","mouse"
"SM","Cer","ENSMUSG00000019822","Smpd2","mouse"
"SM","Cer","ENSMUSG00000037049","Smpd1","mouse"
"SM","Cer","ENSMUSG00000046697","Enpp7","mouse"
"SM","Cer","ENSMUSG00000005899","Smpd4","mouse"
"SM","Cer","ENSMUSG00000031906","Smpd3","mouse"
"SPB","Cer","ENSMUSG00000030510","Cers3","mouse"
"SPB","Cer","ENSMUSG00000015714","Cers2","mouse"
"SPB","Cer","ENSMUSG00000008206","Cers4","mouse"
"SPB","Cer","ENSMUSG00000023021","Cers5","mouse"
"SPB","Cer","ENSMUSG00000027035","Cers6","mouse"
"SPB","Cer","ENSMUSG00000087408","Cers1","mouse"
"SPB","SPBP","ENSMUSG00000057342","Sphk2","mouse"
"SPB","SPBP","ENSMUSG00000061878","Sphk1","mouse"
"SPBP","SPB","ENSMUSG00000032908","Sgpp2","mouse"
"SPBP","SPB","ENSMUSG00000021054","Sgpp1","mouse"
"SPBP","SPB","ENSMUSG00000020593","Lpin1","mouse"
"SPBP","SPB","ENSMUSG00000028517","Plpp3","mouse"
"SPBP","SPB","ENSMUSG00000021759","Plpp1","mouse"
"SPBP","SPB","ENSMUSG00000024052","Lpin2","mouse"
"SPBP","SPB","ENSMUSG00000070366","Plpp4","mouse"
"SPBP","SPB","ENSMUSG00000031570","Plpp5","mouse"
"SPBP","SPB","ENSMUSG00000052151","Plpp2","mouse"
"SPBP","SPB","ENSMUSG00000027412","Lpin3","mouse"
"Sulfatide","GalCer","ENSMUSG00000022620","Arsa","mouse"
"TAG","DAG","ENSMUSG00000041653","Pnpla3","mouse"
"TAG","DAG","ENSMUSG00000046008","Pnlip","mouse"
"TAG","DAG","ENSMUSG00000042179","Pnliprp1","mouse"
"TAG","DAG","ENSMUSG00000025091","Pnliprp2","mouse"
"TAG","DAG","ENSMUSG00000024768","Lipf","mouse"
"TAG","DAG","ENSMUSG00000026818","Cel","mouse"
"TAG","DAG","ENSMUSG00000053846","Lipg","mouse"
"TAG","DAG","ENSMUSG00000027761","Aadac","mouse"
"TAG","DAG","ENSMUSG00000032207","Lipc","mouse"
"TAG","DAG","ENSMUSG00000025509","Pnpla2","mouse"
"Acyl-DHAP","Alkyl-DHAP","ENSRNOG00000001547","Agps","rat"
"Cer","CerP","ENSRNOG00000017022","Cerk","rat"
"Cer","SM","ENSRNOG00000012536","Sgms1","rat"
"Cer","SM","ENSRNOG00000011284","Sgms2","rat"
"Cer","SPB","ENSRNOG00000002273","Naaa","rat"
"Cer","SPB","ENSRNOG00000012196","Asah2","rat"
"Cer","SPB","ENSRNOG00000007637","Acer2","rat"
"Cer","SPB","ENSRNOG00000047368","Acer1","rat"
"Cer","SPB","ENSRNOG00000010034","Asah1","rat"
"Cer","HexCer","ENSRNOG00000015644","Ugcg","rat"
"Cer","HexCer","ENSRNOG00000009345","Ugt8","rat"
"CerP","Cer","ENSRNOG00000000177","Plpp2","rat"
"CerP","Cer","ENSRNOG00000005175","Sgpp1","rat"
"CerP","Cer","ENSRNOG00000069992","Sgpp2","rat"
"CerP","Cer","ENSRNOG00000016636","Lpin3","rat"
"CerP","Cer","ENSRNOG00000009980","Plpp1","rat"
"CerP","Cer","ENSRNOG00000004377","Lpin1","rat"
"CerP","Cer","ENSRNOG00000008116","Plpp3","rat"
"CerP","Cer","ENSRNOG00000020424","Plpp4","rat"
"CerP","Cer","ENSRNOG00000014876","Lpin2","rat"
"CerP","Cer","ENSRNOG00000069017","Plpp5","rat"
"DAG","PA","ENSRNOG00000024112","Dgkq","rat"
"DAG","PA","ENSRNOG00000026705","Dgki","rat"
"DAG","PA","ENSRNOG00000017737","Dgkz","rat"
"DAG","PA","ENSRNOG00000001796","Dgkg","rat"
"DAG","PA","ENSRNOG00000022943","Dgka","rat"
"DAG","PA","ENSRNOG00000030771","Dgkb","rat"
"DAG","PA","ENSRNOG00000023238","Dgkd","rat"
"DAG","PA","ENSRNOG00000002338","Dgke","rat"
"DAG","PA","ENSRNOG00000010065","Dgkh","rat"
"DAG","PA","ENSRNOG00000039323","","rat"
"DAG","TAG","ENSRNOG00000016573","Dgat2","rat"
"DAG","TAG","ENSRNOG00000028711","Dgat1","rat"
"DAG","PE","ENSRNOG00000017723","Cept1","rat"
"DAG","PE","ENSRNOG00000059295","Selenoi","rat"
"DAG","MAG","ENSRNOG00000017982","Pnliprp2","rat"
"DAG","MAG","ENSRNOG00000017725","Pnlip","rat"
"DAG","MAG","ENSRNOG00000010406","Cel","rat"
"DAG","MAG","ENSRNOG00000013950","Aadac","rat"
"DAG","MAG","ENSRNOG00000069673","Pnpla2","rat"
"DAG","MAG","ENSRNOG00000022268","Pnpla3","rat"
"DAG","MAG","ENSRNOG00000019448","Lipf","rat"
"DAG","MAG","ENSRNOG00000017908","Pnliprp1","rat"
"DAG","MAG","ENSRNOG00000060338","Lipc","rat"
"DAG","MAG","ENSRNOG00000018694","Lipg","rat"
"DAG","PC","ENSRNOG00000058271","Chpt1","rat"
"DAG","PC","ENSRNOG00000017723","Cept1","rat"
"DAG O-","PE O-","ENSRNOG00000059295","Selenoi","rat"
"DAG O-","PE O-","ENSRNOG00000017723","Cept1","rat"
"DAG O-","PC O-","ENSRNOG00000017723","Cept1","rat"
"DAG O-","PC O-","ENSRNOG00000058271","Chpt1","rat"
"DHAP","Acyl-DHAP","ENSRNOG00000019205","Gnpat","rat"
"DHAP","G3P","ENSRNOG00000025214","AC099360.1","rat"
"DHAP","G3P","ENSRNOG00000056457","Gpd1","rat"
"DHAP","G3P","ENSRNOG00000026455","Gpd1l","rat"
"DHAP","G3P","ENSRNOG00000033824","Gpd2","rat"
"dhCer","dhSPB","ENSRNOG00000036866","Acer3","rat"
"dhCer","dhSPB","ENSRNOG00000012196","Asah2","rat"
"dhCer","dhSPB","ENSRNOG00000007637","Acer2","rat"
"dhCer","dhSPB","ENSRNOG00000047368","Acer1","rat"
"dhCer","dhSPB","ENSRNOG00000010034","Asah1","rat"
"dhCer","Cer","ENSRNOG00000003223","Degs1","rat"
"dhCer","Cer","ENSRNOG00000003601","RGD1564463","rat"
"dhCer","Cer","ENSRNOG00000011716","Degs2","rat"
"dhCer","phCer","ENSRNOG00000003601","RGD1564463","rat"
"dhCer","phCer","ENSRNOG00000003223","Degs1","rat"
"dhCer","phCer","ENSRNOG00000011716","Degs2","rat"
"dhSPB","dhCer","ENSRNOG00000013823","Cers3","rat"
"dhSPB","dhCer","ENSRNOG00000024595","Cers6","rat"
"dhSPB","dhCer","ENSRNOG00000021138","Cers2","rat"
"dhSPB","dhCer","ENSRNOG00000052990","Cers5","rat"
"dhSPB","dhCer","ENSRNOG00000067124","Cers1","rat"
"dhSPB","dhCer","ENSRNOG00000001072","Cers4","rat"
"dhSPB","dhSPBP","ENSRNOG00000021032","Sphk2","rat"
"dhSPB","dhSPBP","ENSRNOG00000010626","Sphk1","rat"
"dhSPBP","dhSPB","ENSRNOG00000005175","Sgpp1","rat"
"dhSPBP","dhSPB","ENSRNOG00000069992","Sgpp2","rat"
"dhSPBP","dhSPB","ENSRNOG00000016636","Lpin3","rat"
"dhSPBP","dhSPB","ENSRNOG00000009980","Plpp1","rat"
"dhSPBP","dhSPB","ENSRNOG00000004377","Lpin1","rat"
"dhSPBP","dhSPB","ENSRNOG00000008116","Plpp3","rat"
"dhSPBP","dhSPB","ENSRNOG00000020424","Plpp4","rat"
"dhSPBP","dhSPB","ENSRNOG00000014876","Lpin2","rat"
"dhSPBP","dhSPB","ENSRNOG00000000177","Plpp2","rat"
"dhSPBP","dhSPB","ENSRNOG00000069017","Plpp5","rat"
"dhSPB","phSPB","ENSRNOG00000003601","RGD1564463","rat"
"dhSPB","phSPB","ENSRNOG00000003223","Degs1","rat"
"dhSPB","phSPB","ENSRNOG00000011716","Degs2","rat"
"G3P","LPA","ENSRNOG00000013906","Gpat2","rat"
"G3P","LPA","ENSRNOG00000002159","Gpat3","rat"
"G3P","LPA","ENSRNOG00000015124","Gpam","rat"
"G3P","LPA","ENSRNOG00000018077","Gpat4","rat"
"G3P","DHAP","ENSRNOG00000025214","AC099360.1","rat"
"G3P","DHAP","ENSRNOG00000056457","Gpd1","rat"
"G3P","DHAP","ENSRNOG00000026455","Gpd1l","rat"
"G3P","DHAP","ENSRNOG00000033824","Gpd2","rat"
"GalCer","HexCer","ENSRNOG00000003759","Galc","rat"
"GalCer","Sulfatide","ENSRNOG00000042041","Gal3st1","rat"
"GlcCer","HexCer","ENSRNOG00000049281","Gba","rat"
"GlcCer","HexCer","ENSRNOG00000016364","Gba2","rat"
"GlcCer","LacCer","ENSRNOG00000008283","B4galt5","rat"
"GlcCer","LacCer","ENSRNOG00000015895","B4galt6","rat"
"HexCer","Cer","ENSRNOG00000049281","Gba","rat"
"HexCer","Cer","ENSRNOG00000016364","Gba2","rat"
"HexCer","GlcCer","ENSRNOG00000015644","Ugcg","rat"
"HexCer","GalCer","ENSRNOG00000009345","Ugt8","rat"
"HexCer","Cer","ENSRNOG00000003759","Galc","rat"
"ketodhSPB","dhSPB","ENSRNOG00000002781","Kdsr","rat"
"LacCer","GlcCer","ENSRNOG00000010196","Glb1","rat"
"LPA","PA","ENSRNOG00000013906","Gpat2","rat"
"LPA","PA","ENSRNOG00000061050","Mboat2","rat"
"LPA","PA","ENSRNOG00000002159","Gpat3","rat"
"LPA","PA","ENSRNOG00000000221","Abhd5","rat"
"LPA","PA","ENSRNOG00000017731","Agpat4","rat"
"LPA","PA","ENSRNOG00000019466","Agpat2","rat"
"LPA","PA","ENSRNOG00000034026","Lclat1","rat"
"LPA","PA","ENSRNOG00000028623","Agpat5","rat"
"LPA","PA","ENSRNOG00000027125","Mboat1","rat"
"LPA","PA","ENSRNOG00000000437","Agpat1","rat"
"LPA","PA","ENSRNOG00000001205","Agpat3","rat"
"LPC","PC","ENSRNOG00000061050","Mboat2","rat"
"LPC","PC","ENSRNOG00000012269","Lpcat3","rat"
"LPC","PC","ENSRNOG00000017930","Lpcat1","rat"
"LPC","PC","ENSRNOG00000005058","Lpcat4","rat"
"LPC","PC","ENSRNOG00000055849","Lpcat2b","rat"
"LPC","PC","ENSRNOG00000016643","Lpcat2","rat"
"LPC","LPA","ENSRNOG00000018390","Pld3","rat"
"LPC","LPA","ENSRNOG00000028156","Pld1","rat"
"LPC","LPA","ENSRNOG00000019604","Pld2","rat"
"LPC","LPA","ENSRNOG00000028566","Pld4","rat"
"LPC O-","PC O-","ENSRNOG00000017930","Lpcat1","rat"
"LPC O-","PC O-","ENSRNOG00000055849","Lpcat2b","rat"
"LPC O-","PC O-","ENSRNOG00000016643","Lpcat2","rat"
"LPE","PE","ENSRNOG00000061050","Mboat2","rat"
"LPE","PE","ENSRNOG00000012269","Lpcat3","rat"
"LPE","PE","ENSRNOG00000005058","Lpcat4","rat"
"LPE","PE","ENSRNOG00000027125","Mboat1","rat"
"LPE P-","PE P-","ENSRNOG00000005058","Lpcat4","rat"
"LPE P-","LPA P-","ENSRNOG00000019685","Gdpd3","rat"
"LPE P-","LPA P-","ENSRNOG00000060561","Gdpd1","rat"
"LPE P-","LPA P-","ENSRNOG00000004089","Enpp2","rat"
"LPE P-","MAG P-","ENSRNOG00000019685","Gdpd3","rat"
"LPE P-","MAG P-","ENSRNOG00000060561","Gdpd1","rat"
"LPE P-","MAG P-","ENSRNOG00000004089","Enpp2","rat"
"LPG","PG","ENSRNOG00000017930","Lpcat1","rat"
"LPG","PG","ENSRNOG00000005058","Lpcat4","rat"
"LPG","PG","ENSRNOG00000034026","Lclat1","rat"
"LPG","PG","ENSRNOG00000004402","Lpgat1","rat"
"LPG","PG","ENSRNOG00000055849","Lpcat2b","rat"
"LPG","PG","ENSRNOG00000016643","Lpcat2","rat"
"LPI","PI","ENSRNOG00000017731","Agpat4","rat"
"LPI","PI","ENSRNOG00000034026","Lclat1","rat"
"LPI","PI","ENSRNOG00000052600","Mboat7","rat"
"LPI","PI","ENSRNOG00000001205","Agpat3","rat"
"LPS","PS","ENSRNOG00000012269","Lpcat3","rat"
"LPS","PS","ENSRNOG00000005058","Lpcat4","rat"
"LPS","PS","ENSRNOG00000061050","Mboat2","rat"
"LPS","PS","ENSRNOG00000027125","Mboat1","rat"
"MAG","DAG","ENSRNOG00000027228","Mogat2","rat"
"MAG","DAG","ENSRNOG00000014692","Mogat1","rat"
"MLCL","CL","ENSRNOG00000034026","Lclat1","rat"
"MLCL","CL","ENSRNOG00000053023","Taz","rat"
"PA","PI","ENSRNOG00000024144","Cdipt","rat"
"PA","PG","ENSRNOG00000002949","Pgs1","rat"
"PA","PI","ENSRNOG00000007874","Tamm41","rat"
"PA","PI","ENSRNOG00000002142","Cds1","rat"
"PA","PI","ENSRNOG00000021265","Cds2","rat"
"PA","PG","ENSRNOG00000007874","Tamm41","rat"
"PA","PG","ENSRNOG00000002142","Cds1","rat"
"PA","PG","ENSRNOG00000021265","Cds2","rat"
"PA","DAG","ENSRNOG00000000177","Plpp2","rat"
"PA","DAG","ENSRNOG00000016636","Lpin3","rat"
"PA","DAG","ENSRNOG00000009980","Plpp1","rat"
"PA","DAG","ENSRNOG00000004377","Lpin1","rat"
"PA","DAG","ENSRNOG00000008116","Plpp3","rat"
"PA","DAG","ENSRNOG00000020424","Plpp4","rat"
"PA","DAG","ENSRNOG00000014876","Lpin2","rat"
"PA","DAG","ENSRNOG00000069017","Plpp5","rat"
"PA","LPA","ENSRNOG00000037231","Pla2g4d","rat"
"PA","LPA","ENSRNOG00000021206","Plaat3","rat"
"PA","LPA","ENSRNOG00000008135","Pla2g4f","rat"
"PA","LPA","ENSRNOG00000024904","Pla2g4e","rat"
"PA","LPA","ENSRNOG00000007447","Pla2g4b","rat"
"PA","LPA","ENSRNOG00000057470","Pla2g12a","rat"
"PA","LPA","ENSRNOG00000026764","Pla2g4c","rat"
"PA","LPA","ENSRNOG00000026037","Plb1","rat"
"PA","LPA","ENSRNOG00000016647","Pla2g2c","rat"
"PA","LPA","ENSRNOG00000016798","Pla2g2f","rat"
"PA","LPA","ENSRNOG00000016826","Pla2g2d","rat"
"PA","LPA","ENSRNOG00000016838","Pla2g5","rat"
"PA","LPA","ENSRNOG00000016945","Pla2g2a","rat"
"PA","LPA","ENSRNOG00000012295","Pla2g6","rat"
"PA","LPA","ENSRNOG00000001153","Pla2g1b","rat"
"PA","LPA","ENSRNOG00000002657","Pla2g4a","rat"
"PA","LPA","ENSRNOG00000025121","Pla2g3","rat"
"PA","LPA","ENSRNOG00000003164","Pla2g10","rat"
"PA","LPA","ENSRNOG00000046619","Pla2g12b","rat"
"PA O-","DAG O-","ENSRNOG00000016636","Lpin3","rat"
"PA O-","DAG O-","ENSRNOG00000009980","Plpp1","rat"
"PA O-","DAG O-","ENSRNOG00000004377","Lpin1","rat"
"PA O-","DAG O-","ENSRNOG00000008116","Plpp3","rat"
"PA O-","DAG O-","ENSRNOG00000020424","Plpp4","rat"
"PA O-","DAG O-","ENSRNOG00000014876","Lpin2","rat"
"PA O-","DAG O-","ENSRNOG00000000177","Plpp2","rat"
"PA O-","DAG O-","ENSRNOG00000069017","Plpp5","rat"
"PC","PA","ENSRNOG00000018390","Pld3","rat"
"PC","PA","ENSRNOG00000028156","Pld1","rat"
"PC","PA","ENSRNOG00000019604","Pld2","rat"
"PC","PA","ENSRNOG00000028566","Pld4","rat"
"PC","LPC","ENSRNOG00000001711","Plaat1","rat"
"PC","LPC","ENSRNOG00000039091","Pnpla8","rat"
"PC","LPC","ENSRNOG00000026037","Plb1","rat"
"PC","LPC","ENSRNOG00000069673","Pnpla2","rat"
"PC","LPC","ENSRNOG00000016945","Pla2g2a","rat"
"PC","LPC","ENSRNOG00000016838","Pla2g5","rat"
"PC","LPC","ENSRNOG00000021206","Plaat3","rat"
"PC","LPC","ENSRNOG00000012295","Pla2g6","rat"
"PC","LPC","ENSRNOG00000019859","Pla2g15","rat"
"PC","LPC","ENSRNOG00000037231","Pla2g4d","rat"
"PC","LPC","ENSRNOG00000008135","Pla2g4f","rat"
"PC","LPC","ENSRNOG00000024904","Pla2g4e","rat"
"PC","LPC","ENSRNOG00000007447","Pla2g4b","rat"
"PC","LPC","ENSRNOG00000057470","Pla2g12a","rat"
"PC","LPC","ENSRNOG00000026764","Pla2g4c","rat"
"PC","LPC","ENSRNOG00000016647","Pla2g2c","rat"
"PC","LPC","ENSRNOG00000016798","Pla2g2f","rat"
"PC","LPC","ENSRNOG00000016826","Pla2g2d","rat"
"PC","LPC","ENSRNOG00000001153","Pla2g1b","rat"
"PC","LPC","ENSRNOG00000002657","Pla2g4a","rat"
"PC","LPC","ENSRNOG00000025121","Pla2g3","rat"
"PC","LPC","ENSRNOG00000003164","Pla2g10","rat"
"PC","LPC","ENSRNOG00000046619","Pla2g12b","rat"
"PC","PS","ENSRNOG00000052289","Ptdss1","rat"
"PC","PG","ENSRNOG00000018390","Pld3","rat"
"PC","PG","ENSRNOG00000028156","Pld1","rat"
"PC","PG","ENSRNOG00000021657","Pld6","rat"
"PC","PG","ENSRNOG00000019604","Pld2","rat"
"PC","PG","ENSRNOG00000028566","Pld4","rat"
"PC O-","LPC O-","ENSRNOG00000037231","Pla2g4d","rat"
"PC O-","LPC O-","ENSRNOG00000021206","Plaat3","rat"
"PC O-","LPC O-","ENSRNOG00000008135","Pla2g4f","rat"
"PC O-","LPC O-","ENSRNOG00000024904","Pla2g4e","rat"
"PC O-","LPC O-","ENSRNOG00000007447","Pla2g4b","rat"
"PC O-","LPC O-","ENSRNOG00000057470","Pla2g12a","rat"
"PC O-","LPC O-","ENSRNOG00000026764","Pla2g4c","rat"
"PC O-","LPC O-","ENSRNOG00000026037","Plb1","rat"
"PC O-","LPC O-","ENSRNOG00000016647","Pla2g2c","rat"
"PC O-","LPC O-","ENSRNOG00000016798","Pla2g2f","rat"
"PC O-","LPC O-","ENSRNOG00000016826","Pla2g2d","rat"
"PC O-","LPC O-","ENSRNOG00000016838","Pla2g5","rat"
"PC O-","LPC O-","ENSRNOG00000016945","Pla2g2a","rat"
"PC O-","LPC O-","ENSRNOG00000012295","Pla2g6","rat"
"PC O-","LPC O-","ENSRNOG00000001153","Pla2g1b","rat"
"PC O-","LPC O-","ENSRNOG00000002657","Pla2g4a","rat"
"PC O-","LPC O-","ENSRNOG00000025121","Pla2g3","rat"
"PC O-","LPC O-","ENSRNOG00000003164","Pla2g10","rat"
"PC O-","LPC O-","ENSRNOG00000046619","Pla2g12b","rat"
"PC P-","LPC P-","ENSRNOG00000039091","Pnpla8","rat"
"PC P-","LPC P-","ENSRNOG00000037231","Pla2g4d","rat"
"PC P-","LPC P-","ENSRNOG00000021206","Plaat3","rat"
"PC P-","LPC P-","ENSRNOG00000008135","Pla2g4f","rat"
"PC P-","LPC P-","ENSRNOG00000024904","Pla2g4e","rat"
"PC P-","LPC P-","ENSRNOG00000007447","Pla2g4b","rat"
"PC P-","LPC P-","ENSRNOG00000057470","Pla2g12a","rat"
"PC P-","LPC P-","ENSRNOG00000026764","Pla2g4c","rat"
"PC P-","LPC P-","ENSRNOG00000026037","Plb1","rat"
"PC P-","LPC P-","ENSRNOG00000016647","Pla2g2c","rat"
"PC P-","LPC P-","ENSRNOG00000016798","Pla2g2f","rat"
"PC P-","LPC P-","ENSRNOG00000016826","Pla2g2d","rat"
"PC P-","LPC P-","ENSRNOG00000016838","Pla2g5","rat"
"PC P-","LPC P-","ENSRNOG00000016945","Pla2g2a","rat"
"PC P-","LPC P-","ENSRNOG00000012295","Pla2g6","rat"
"PC P-","LPC P-","ENSRNOG00000001153","Pla2g1b","rat"
"PC P-","LPC P-","ENSRNOG00000002657","Pla2g4a","rat"
"PC P-","LPC P-","ENSRNOG00000025121","Pla2g3","rat"
"PC P-","LPC P-","ENSRNOG00000003164","Pla2g10","rat"
"PC P-","LPC P-","ENSRNOG00000046619","Pla2g12b","rat"
"PE","LPE","ENSRNOG00000039091","Pnpla8","rat"
"PE","LPE","ENSRNOG00000016945","Pla2g2a","rat"
"PE","LPE","ENSRNOG00000037231","Pla2g4d","rat"
"PE","LPE","ENSRNOG00000021206","Plaat3","rat"
"PE","LPE","ENSRNOG00000008135","Pla2g4f","rat"
"PE","LPE","ENSRNOG00000024904","Pla2g4e","rat"
"PE","LPE","ENSRNOG00000007447","Pla2g4b","rat"
"PE","LPE","ENSRNOG00000057470","Pla2g12a","rat"
"PE","LPE","ENSRNOG00000026764","Pla2g4c","rat"
"PE","LPE","ENSRNOG00000026037","Plb1","rat"
"PE","LPE","ENSRNOG00000016647","Pla2g2c","rat"
"PE","LPE","ENSRNOG00000016798","Pla2g2f","rat"
"PE","LPE","ENSRNOG00000016826","Pla2g2d","rat"
"PE","LPE","ENSRNOG00000016838","Pla2g5","rat"
"PE","LPE","ENSRNOG00000012295","Pla2g6","rat"
"PE","LPE","ENSRNOG00000001153","Pla2g1b","rat"
"PE","LPE","ENSRNOG00000002657","Pla2g4a","rat"
"PE","LPE","ENSRNOG00000025121","Pla2g3","rat"
"PE","LPE","ENSRNOG00000003164","Pla2g10","rat"
"PE","LPE","ENSRNOG00000046619","Pla2g12b","rat"
"PE","PC","ENSRNOG00000054423","Pemt","rat"
"PE O-","PE P-","ENSRNOG00000015912","Ptdss2","rat"
"PE","PS","ENSRNOG00000015912","Ptdss2","rat"
"PE","PS","ENSRNOG00000052289","Ptdss1","rat"
"PE","PS","ENSRNOG00000060571","Peds1","rat"
"PE O-","LPE O-","ENSRNOG00000037231","Pla2g4d","rat"
"PE O-","LPE O-","ENSRNOG00000021206","Plaat3","rat"
"PE O-","LPE O-","ENSRNOG00000008135","Pla2g4f","rat"
"PE O-","LPE O-","ENSRNOG00000024904","Pla2g4e","rat"
"PE O-","LPE O-","ENSRNOG00000007447","Pla2g4b","rat"
"PE O-","LPE O-","ENSRNOG00000057470","Pla2g12a","rat"
"PE O-","LPE O-","ENSRNOG00000026764","Pla2g4c","rat"
"PE O-","LPE O-","ENSRNOG00000026037","Plb1","rat"
"PE O-","LPE O-","ENSRNOG00000016647","Pla2g2c","rat"
"PE O-","LPE O-","ENSRNOG00000016798","Pla2g2f","rat"
"PE O-","LPE O-","ENSRNOG00000016826","Pla2g2d","rat"
"PE O-","LPE O-","ENSRNOG00000016838","Pla2g5","rat"
"PE O-","LPE O-","ENSRNOG00000016945","Pla2g2a","rat"
"PE O-","LPE O-","ENSRNOG00000012295","Pla2g6","rat"
"PE O-","LPE O-","ENSRNOG00000001153","Pla2g1b","rat"
"PE O-","LPE O-","ENSRNOG00000002657","Pla2g4a","rat"
"PE O-","LPE O-","ENSRNOG00000025121","Pla2g3","rat"
"PE O-","LPE O-","ENSRNOG00000003164","Pla2g10","rat"
"PE O-","LPE O-","ENSRNOG00000046619","Pla2g12b","rat"
"PE P-","PA P-","ENSRNOG00000018390","Pld3","rat"
"PE P-","PA P-","ENSRNOG00000028156","Pld1","rat"
"PE P-","PA P-","ENSRNOG00000019604","Pld2","rat"
"PE P-","PA P-","ENSRNOG00000028566","Pld4","rat"
"PE P-","DAG P-","ENSRNOG00000059295","Selenoi","rat"
"PE P-","DAG P-","ENSRNOG00000017723","Cept1","rat"
"PE P-","LPE P-","ENSRNOG00000037231","Pla2g4d","rat"
"PE P-","LPE P-","ENSRNOG00000021206","Plaat3","rat"
"PE P-","LPE P-","ENSRNOG00000008135","Pla2g4f","rat"
"PE P-","LPE P-","ENSRNOG00000024904","Pla2g4e","rat"
"PE P-","LPE P-","ENSRNOG00000007447","Pla2g4b","rat"
"PE P-","LPE P-","ENSRNOG00000057470","Pla2g12a","rat"
"PE P-","LPE P-","ENSRNOG00000026764","Pla2g4c","rat"
"PE P-","LPE P-","ENSRNOG00000026037","Plb1","rat"
"PE P-","LPE P-","ENSRNOG00000016647","Pla2g2c","rat"
"PE P-","LPE P-","ENSRNOG00000016798","Pla2g2f","rat"
"PE P-","LPE P-","ENSRNOG00000016826","Pla2g2d","rat"
"PE P-","LPE P-","ENSRNOG00000016838","Pla2g5","rat"
"PE P-","LPE P-","ENSRNOG00000016945","Pla2g2a","rat"
"PE P-","LPE P-","ENSRNOG00000012295","Pla2g6","rat"
"PE P-","LPE P-","ENSRNOG00000001153","Pla2g1b","rat"
"PE P-","LPE P-","ENSRNOG00000002657","Pla2g4a","rat"
"PE P-","LPE P-","ENSRNOG00000025121","Pla2g3","rat"
"PE P-","LPE P-","ENSRNOG00000003164","Pla2g10","rat"
"PE P-","LPE P-","ENSRNOG00000046619","Pla2g12b","rat"
"PG","CL","ENSRNOG00000021273","Crls1","rat"
"PG","LPG","ENSRNOG00000037231","Pla2g4d","rat"
"PG","LPG","ENSRNOG00000021206","Plaat3","rat"
"PG","LPG","ENSRNOG00000008135","Pla2g4f","rat"
"PG","LPG","ENSRNOG00000024904","Pla2g4e","rat"
"PG","LPG","ENSRNOG00000007447","Pla2g4b","rat"
"PG","LPG","ENSRNOG00000057470","Pla2g12a","rat"
"PG","LPG","ENSRNOG00000026764","Pla2g4c","rat"
"PG","LPG","ENSRNOG00000026037","Plb1","rat"
"PG","LPG","ENSRNOG00000016647","Pla2g2c","rat"
"PG","LPG","ENSRNOG00000016798","Pla2g2f","rat"
"PG","LPG","ENSRNOG00000016826","Pla2g2d","rat"
"PG","LPG","ENSRNOG00000016838","Pla2g5","rat"
"PG","LPG","ENSRNOG00000016945","Pla2g2a","rat"
"PG","LPG","ENSRNOG00000012295","Pla2g6","rat"
"PG","LPG","ENSRNOG00000001153","Pla2g1b","rat"
"PG","LPG","ENSRNOG00000002657","Pla2g4a","rat"
"PG","LPG","ENSRNOG00000025121","Pla2g3","rat"
"PG","LPG","ENSRNOG00000003164","Pla2g10","rat"
"PG","LPG","ENSRNOG00000046619","Pla2g12b","rat"
"phCer","phSPB","ENSRNOG00000012196","Asah2","rat"
"phCer","phSPB","ENSRNOG00000007637","Acer2","rat"
"phCer","phSPB","ENSRNOG00000047368","Acer1","rat"
"phCer","phSPB","ENSRNOG00000010034","Asah1","rat"
"PI","DAG","ENSRNOG00000058337","Plcb2","rat"
"PI","DAG","ENSRNOG00000033119","Plcb4","rat"
"PI","DAG","ENSRNOG00000051490","Plcg1","rat"
"PI","DAG","ENSRNOG00000004810","Plcb1","rat"
"PI","DAG","ENSRNOG00000014276","Plce1","rat"
"PI","DAG","ENSRNOG00000008514","Plcz1","rat"
"PI","DAG","ENSRNOG00000014226","Plch2","rat"
"PI","DAG","ENSRNOG00000021150","Plcb3","rat"
"PI","DAG","ENSRNOG00000009955","Plch1","rat"
"PI","DAG","ENSRNOG00000016361","Plcd4","rat"
"PI","DAG","ENSRNOG00000003033","Plcd3","rat"
"PI","DAG","ENSRNOG00000032238","Plcd1","rat"
"PI","DAG","ENSRNOG00000051986","Plcg2","rat"
"PI","LPI","ENSRNOG00000037231","Pla2g4d","rat"
"PI","LPI","ENSRNOG00000021206","Plaat3","rat"
"PI","LPI","ENSRNOG00000008135","Pla2g4f","rat"
"PI","LPI","ENSRNOG00000024904","Pla2g4e","rat"
"PI","LPI","ENSRNOG00000007447","Pla2g4b","rat"
"PI","LPI","ENSRNOG00000057470","Pla2g12a","rat"
"PI","LPI","ENSRNOG00000026764","Pla2g4c","rat"
"PI","LPI","ENSRNOG00000026037","Plb1","rat"
"PI","LPI","ENSRNOG00000016647","Pla2g2c","rat"
"PI","LPI","ENSRNOG00000016798","Pla2g2f","rat"
"PI","LPI","ENSRNOG00000016826","Pla2g2d","rat"
"PI","LPI","ENSRNOG00000016838","Pla2g5","rat"
"PI","LPI","ENSRNOG00000016945","Pla2g2a","rat"
"PI","LPI","ENSRNOG00000012295","Pla2g6","rat"
"PI","LPI","ENSRNOG00000001153","Pla2g1b","rat"
"PI","LPI","ENSRNOG00000002657","Pla2g4a","rat"
"PI","LPI","ENSRNOG00000025121","Pla2g3","rat"
"PI","LPI","ENSRNOG00000003164","Pla2g10","rat"
"PI","LPI","ENSRNOG00000046619","Pla2g12b","rat"
"PS","LPS","ENSRNOG00000037231","Pla2g4d","rat"
"PS","LPS","ENSRNOG00000021206","Plaat3","rat"
"PS","LPS","ENSRNOG00000008135","Pla2g4f","rat"
"PS","LPS","ENSRNOG00000024904","Pla2g4e","rat"
"PS","LPS","ENSRNOG00000007447","Pla2g4b","rat"
"PS","LPS","ENSRNOG00000057470","Pla2g12a","rat"
"PS","LPS","ENSRNOG00000026764","Pla2g4c","rat"
"PS","LPS","ENSRNOG00000026037","Plb1","rat"
"PS","LPS","ENSRNOG00000016647","Pla2g2c","rat"
"PS","LPS","ENSRNOG00000016798","Pla2g2f","rat"
"PS","LPS","ENSRNOG00000016826","Pla2g2d","rat"
"PS","LPS","ENSRNOG00000016838","Pla2g5","rat"
"PS","LPS","ENSRNOG00000016945","Pla2g2a","rat"
"PS","LPS","ENSRNOG00000012295","Pla2g6","rat"
"PS","LPS","ENSRNOG00000001153","Pla2g1b","rat"
"PS","LPS","ENSRNOG00000002657","Pla2g4a","rat"
"PS","LPS","ENSRNOG00000025121","Pla2g3","rat"
"PS","LPS","ENSRNOG00000003164","Pla2g10","rat"
"PS","LPS","ENSRNOG00000046619","Pla2g12b","rat"
"PS","PE","ENSRNOG00000018319","Pisd","rat"
"Serine+Palmitoyl CoA","ketodhSPB","ENSRNOG00000010882","Sptlc1","rat"
"Serine+Palmitoyl CoA","ketodhSPB","ENSRNOG00000004443","Sptlc3","rat"
"Serine+Palmitoyl CoA","ketodhSPB","ENSRNOG00000012210","Sptlc2","rat"
"SM","Cer","ENSRNOG00000012536","Sgms1","rat"
"SM","Cer","ENSRNOG00000011284","Sgms2","rat"
"SM","Cer","ENSRNOG00000017977","Smpd1","rat"
"SM","Cer","ENSRNOG00000001875","Smpd4","rat"
"SM","Cer","ENSRNOG00000000257","Smpd3","rat"
"SM","Cer","ENSRNOG00000000306","Smpd2","rat"
"SPB","Cer","ENSRNOG00000013823","Cers3","rat"
"SPB","Cer","ENSRNOG00000024595","Cers6","rat"
"SPB","Cer","ENSRNOG00000021138","Cers2","rat"
"SPB","Cer","ENSRNOG00000052990","Cers5","rat"
"SPB","Cer","ENSRNOG00000067124","Cers1","rat"
"SPB","Cer","ENSRNOG00000001072","Cers4","rat"
"SPB","SPBP","ENSRNOG00000021032","Sphk2","rat"
"SPB","SPBP","ENSRNOG00000010626","Sphk1","rat"
"SPBP","SPB","ENSRNOG00000005175","Sgpp1","rat"
"SPBP","SPB","ENSRNOG00000069992","Sgpp2","rat"
"SPBP","SPB","ENSRNOG00000016636","Lpin3","rat"
"SPBP","SPB","ENSRNOG00000009980","Plpp1","rat"
"SPBP","SPB","ENSRNOG00000004377","Lpin1","rat"
"SPBP","SPB","ENSRNOG00000008116","Plpp3","rat"
"SPBP","SPB","ENSRNOG00000020424","Plpp4","rat"
"SPBP","SPB","ENSRNOG00000014876","Lpin2","rat"
"SPBP","SPB","ENSRNOG00000000177","Plpp2","rat"
"SPBP","SPB","ENSRNOG00000069017","Plpp5","rat"
"Sulfatide","GalCer","ENSRNOG00000012953","Arsa","rat"
"TAG","DAG","ENSRNOG00000017982","Pnliprp2","rat"
"TAG","DAG","ENSRNOG00000017725","Pnlip","rat"
"TAG","DAG","ENSRNOG00000010406","Cel","rat"
"TAG","DAG","ENSRNOG00000013950","Aadac","rat"
"TAG","DAG","ENSRNOG00000069673","Pnpla2","rat"
"TAG","DAG","ENSRNOG00000022268","Pnpla3","rat"
"TAG","DAG","ENSRNOG00000019448","Lipf","rat"
"TAG","DAG","ENSRNOG00000017908","Pnliprp1","rat"
"TAG","DAG","ENSRNOG00000060338","Lipc","rat"
"TAG","DAG","ENSRNOG00000018694","Lipg","rat"
